,depot,HB101,HB102,HB103,HB105,HB106,HB201,HB202,HB203,HB301,HB302,HB303,HB304,HB305,HB401,HB402,HB404,HB407,HB408,HB409,HB501,HB502,HB503,HB505,HB506,HB508,HB601,HB602,HB603,HB608,HB609,HB610,HB611,HB612,JC002,JC003,JC006,JC008,JC009,JC013,JC014,JC018,JC019,JC020,JC022,JC023,JC024,JC027,JC032,JC034,JC035,JC038,JC051,JC052,JC053,JC055,JC057,JC059,JC063,JC065,JC066,JC072,JC074,JC075,JC076,JC077,JC078,JC080,JC081,JC082,JC084,JC093,JC094,JC095,JC097,JC098,JC099,JC102,JC103,JC104,JC105,JC107,JC108,JC109,JC110,JC115,JC116,JC117,JC118,JC119,JC120,JC121,JC122,JC123,JC124,JC125,JC127,JC130,JC131,JC132,JC133,JC134,JC135,JC137,JC138,JC139,JC140,JC142,JC143,JC144,JC145
depot,0.0,17.969,18.088,18.305,18.019,18.161,19.829,20.666,19.897,18.469,19.052,18.826,18.621,18.819,17.519,17.864,18.165,18.18,17.93,17.914,19.139,19.466,19.135,20.44,21.447,19.749,18.705,18.903,19.487,18.26,18.217,19.689,18.664,18.302,19.102,18.417,18.0,17.704,17.34,18.547,18.266,18.479,18.128,33.62,18.344,18.15,18.911,17.527,17.955,17.88,32.651,19.064,31.153,31.348,39.529,34.074,19.063,18.942,32.18,19.331,18.312,19.394,18.038,18.117,32.989,33.322,32.045,19.679,17.947,18.162,32.203,34.432,34.428,34.534,18.33,17.789,33.365,19.071,18.77,18.819,17.444,31.997,29.63,18.918,33.997,18.308,19.157,31.655,31.711,31.99,32.399,32.96,32.972,31.888,32.047,32.401,31.275,31.673,31.204,28.862,29.088,29.133,30.243,28.576,28.347,27.777,28.028,32.206,31.86,28.794,38.704
HB101,17.969,0.0,0.118,0.329,0.348,0.191,2.215,2.373,2.365,1.26,1.52,1.616,2.138,2.255,1.07,1.09,1.718,1.183,1.447,0.705,1.929,1.794,2.363,2.24,3.428,2.977,1.495,1.229,1.955,0.729,0.248,2.48,0.695,0.333,4.192,3.426,3.009,2.414,2.243,3.556,3.649,3.364,3.013,4.636,2.484,3.003,2.49,2.693,3.122,2.493,3.434,4.154,9.362,8.872,8.287,5.089,2.503,2.459,8.085,4.217,3.168,4.104,2.89,2.97,3.196,9.226,8.91,3.192,2.799,3.329,8.533,5.599,5.368,5.549,3.339,2.78,3.76,3.781,3.655,3.529,1.68,7.901,8.066,3.804,3.817,3.318,3.867,4.83,8.614,7.895,8.304,8.864,8.876,7.792,8.898,8.352,7.18,9.34,8.821,7.779,7.38,8.597,9.697,8.806,8.281,8.463,8.102,8.373,7.765,9.188,8.391
HB102,18.088,0.118,0.0,0.211,0.278,0.073,2.097,2.255,2.298,1.235,1.453,1.547,2.079,2.284,1.151,1.172,1.666,1.114,1.529,0.635,1.86,1.923,2.268,2.173,3.045,2.881,1.426,1.162,1.748,0.661,0.129,2.41,0.577,0.215,4.42,3.654,3.237,2.642,2.471,3.784,3.878,3.643,3.318,4.864,2.566,3.231,2.572,2.922,3.35,2.575,3.662,4.382,9.59,9.1,8.515,5.317,2.585,2.54,8.313,4.445,3.396,4.332,3.119,3.198,3.424,9.454,9.139,3.274,3.028,3.557,8.762,5.828,5.596,5.777,3.567,3.008,3.988,4.01,3.96,3.757,1.909,8.129,8.294,4.108,4.045,3.546,4.095,5.058,8.842,8.123,8.532,9.092,9.104,8.02,9.126,8.58,7.408,9.568,9.049,8.007,7.609,8.825,9.925,9.034,8.509,8.691,8.331,8.601,7.993,9.416,8.619
HB103,18.305,0.329,0.211,0.0,0.559,0.413,1.937,2.096,2.335,1.155,1.415,1.467,2.041,2.122,1.528,1.696,1.586,1.403,1.849,1.012,1.78,1.764,2.23,2.21,2.885,2.844,1.346,1.151,1.737,0.624,0.357,2.429,0.517,0.592,4.798,4.032,3.615,3.02,2.849,4.162,4.255,3.97,3.694,5.242,2.943,3.609,2.949,3.299,3.728,2.952,4.04,4.76,9.968,9.478,8.893,5.695,2.683,2.861,8.691,4.823,3.774,4.71,3.497,3.576,3.802,9.832,9.517,3.506,3.406,3.935,9.139,6.205,5.974,6.155,3.945,3.386,4.366,4.387,4.336,4.135,2.286,8.507,8.672,4.485,4.423,3.924,4.473,5.436,9.22,8.501,8.91,9.47,9.482,8.398,9.504,8.958,7.786,9.946,9.427,8.385,7.987,9.203,10.303,9.412,8.887,9.069,8.708,8.979,8.371,9.794,8.997
HB105,18.019,0.348,0.278,0.559,0.0,0.235,1.805,1.964,2.014,1.048,1.169,1.36,1.795,1.876,0.965,0.985,1.479,0.927,1.342,0.449,1.673,1.443,1.984,1.89,2.574,2.598,1.239,0.879,1.464,0.378,0.201,2.223,0.648,0.247,4.236,3.47,3.052,2.457,2.287,3.6,3.693,3.408,3.131,4.679,2.379,3.046,2.385,2.737,3.165,2.388,3.478,4.198,9.406,8.916,8.33,5.132,2.398,2.354,8.128,4.26,3.211,4.148,2.934,3.013,3.239,9.27,8.954,3.087,2.843,3.372,8.577,5.643,5.412,5.593,3.382,2.824,3.803,3.825,3.773,3.573,1.724,7.944,8.109,3.921,3.861,3.361,3.911,4.873,8.657,7.938,8.347,8.908,8.919,7.836,8.942,8.395,7.223,9.383,8.865,7.822,7.424,8.64,9.74,8.85,8.324,8.507,8.146,8.417,7.808,9.231,8.434
HB106,18.161,0.191,0.073,0.413,0.235,0.0,2.024,2.182,2.225,1.12,1.38,1.432,2.006,2.087,1.117,1.138,1.551,1.08,1.495,0.601,1.745,1.85,2.195,2.1,2.972,2.808,1.311,1.089,1.675,0.588,0.056,2.295,0.504,0.181,4.386,3.62,3.203,2.608,2.437,3.75,3.844,3.609,3.284,4.83,2.532,3.197,2.538,2.888,3.316,2.541,3.628,4.348,9.556,9.066,8.481,5.283,2.551,2.506,8.279,4.411,3.362,4.298,3.085,3.164,3.39,9.42,9.105,3.24,2.994,3.523,8.728,5.794,5.562,5.743,3.533,2.974,3.954,3.976,3.926,3.723,1.875,8.095,8.26,4.074,4.011,3.512,4.062,5.024,8.808,8.089,8.498,9.058,9.07,7.986,9.093,8.546,7.374,9.534,9.015,7.973,7.575,8.791,9.891,9.0,8.475,8.657,8.297,8.567,7.959,9.382,8.585
HB201,19.829,2.215,2.097,1.937,1.805,2.024,0.0,0.333,0.684,1.819,1.576,1.63,2.202,1.701,2.775,2.942,2.25,2.737,3.385,2.259,1.364,0.373,1.26,0.816,1.23,2.074,1.632,1.387,0.811,1.87,1.793,1.038,1.662,1.839,6.045,5.279,4.861,4.266,4.096,5.409,5.502,5.08,4.898,6.488,4.111,4.855,3.73,4.546,4.974,4.0,5.287,6.007,11.215,10.725,10.14,6.942,2.777,2.197,9.937,6.069,5.02,5.957,4.743,4.822,5.048,11.079,10.763,4.32,4.652,5.181,10.386,7.452,7.221,7.136,5.192,4.633,5.612,5.634,5.54,5.382,3.533,9.754,9.918,5.688,5.67,5.17,5.72,6.682,10.466,9.747,10.156,10.717,10.729,9.645,10.751,10.204,9.032,11.192,10.674,9.631,9.233,10.449,11.549,10.659,10.133,10.316,9.955,10.226,9.617,11.04,10.243
HB202,20.666,2.373,2.255,2.096,1.964,2.182,0.333,0.0,0.351,1.978,1.734,1.788,2.361,2.119,3.22,3.099,2.667,2.894,3.052,2.416,1.519,0.532,1.417,0.69,0.902,1.745,1.795,1.545,0.97,2.027,1.951,1.195,1.821,1.997,6.202,5.925,5.018,4.423,4.383,5.566,5.659,4.746,4.564,5.997,3.778,5.087,3.397,4.833,5.262,3.667,5.574,6.164,11.502,11.012,10.427,6.234,2.443,1.863,10.225,6.357,5.177,6.113,5.03,5.11,5.335,11.366,11.05,3.987,4.939,5.469,10.673,6.363,6.132,6.803,5.348,4.79,5.844,5.791,5.207,5.539,3.82,10.041,10.205,5.355,5.957,5.327,5.877,6.854,10.754,10.035,10.443,11.004,11.016,9.932,11.038,10.492,9.319,11.479,10.961,9.919,9.52,10.736,11.837,10.946,10.421,10.603,10.242,10.513,9.904,11.328,10.531
HB203,19.897,2.365,2.298,2.335,2.014,2.225,0.684,0.351,0.0,1.891,1.648,1.702,2.272,1.772,2.958,2.868,2.32,3.041,2.967,2.332,1.434,0.586,1.769,0.605,0.555,1.399,1.709,1.788,1.213,2.11,2.195,1.116,2.064,2.24,6.118,5.84,4.935,4.34,4.298,5.482,5.575,4.661,4.479,5.912,3.693,5.002,3.312,4.748,5.177,3.582,5.489,6.08,11.417,10.927,10.342,6.149,2.358,1.778,10.14,6.272,5.094,6.03,4.945,5.025,5.25,11.281,10.965,3.902,4.854,5.383,10.588,6.278,6.047,6.718,5.265,4.706,5.759,5.707,5.121,5.455,3.735,9.956,10.12,5.27,5.872,5.243,5.793,6.769,10.669,9.95,10.358,10.919,10.931,9.847,10.953,10.407,9.234,11.394,10.876,9.834,9.435,10.651,11.752,10.861,10.336,10.518,10.157,10.428,9.819,11.243,18.694
HB301,18.469,1.26,1.235,1.155,1.048,1.12,1.819,1.978,1.891,0.0,0.711,0.761,0.883,0.964,1.008,1.028,0.427,0.826,1.272,0.671,0.942,1.637,1.072,1.466,2.137,1.686,0.64,1.205,1.658,0.691,1.107,1.492,0.976,1.153,4.289,3.523,3.106,2.511,2.276,3.653,3.746,3.5,3.174,4.668,2.423,3.036,2.429,2.726,3.155,2.432,3.467,4.251,9.395,8.905,8.32,5.122,2.106,2.284,8.118,4.25,3.265,4.201,2.923,3.003,3.229,9.259,8.943,2.929,2.832,3.362,8.566,5.632,5.401,5.582,3.436,2.877,3.793,3.878,3.816,3.626,1.713,7.934,8.099,3.965,3.85,3.414,3.964,4.863,8.647,7.928,8.337,8.897,8.909,7.825,8.931,8.385,7.213,9.372,8.854,7.812,7.413,8.63,9.73,8.839,8.314,8.496,8.135,8.406,7.797,9.221,8.424
HB302,19.052,1.52,1.453,1.415,1.169,1.38,1.576,1.734,1.648,0.711,0.0,1.0,0.622,0.704,1.247,1.268,0.666,1.07,1.51,0.91,0.681,1.377,0.812,1.206,1.877,1.426,0.88,1.444,1.398,0.931,1.347,1.232,1.216,1.392,4.528,3.762,3.345,2.75,2.516,3.892,3.986,3.739,3.414,4.908,2.662,3.275,2.668,2.966,3.394,2.671,3.706,4.49,9.635,9.144,8.559,5.361,2.344,2.522,8.357,4.489,3.504,4.44,3.163,3.242,3.468,9.499,9.183,3.37,3.072,3.601,8.806,5.872,5.641,5.821,3.675,3.116,4.032,4.118,4.056,3.865,1.953,8.173,8.338,4.204,4.09,3.654,4.204,5.102,8.886,8.167,8.576,9.136,9.148,8.064,9.171,8.624,7.452,9.612,9.093,8.051,7.653,8.869,9.969,9.078,8.553,8.735,8.375,8.646,8.037,9.46,8.663
HB303,18.826,1.616,1.547,1.467,1.36,1.432,1.63,1.788,1.702,0.761,1.0,0.0,1.024,1.107,1.598,1.618,1.073,1.56,1.975,1.082,0.313,1.009,1.215,0.838,1.51,1.656,0.459,1.023,1.03,1.014,1.43,0.863,1.299,1.475,4.868,4.102,3.685,3.09,2.919,4.232,4.325,4.089,3.764,5.311,3.012,3.679,3.018,3.369,3.798,3.021,4.11,4.83,10.038,9.548,8.963,5.765,3.031,2.478,8.761,4.893,3.844,4.78,3.566,3.646,3.872,9.902,9.586,3.72,3.475,4.005,9.209,6.275,6.044,6.225,4.015,3.456,4.436,4.457,4.406,4.205,2.356,8.577,8.742,4.554,4.493,3.993,4.543,5.506,9.29,8.571,8.98,9.54,9.552,8.468,9.574,9.028,7.856,10.015,9.497,8.455,8.056,9.273,10.373,9.482,8.957,9.139,8.778,9.049,8.44,9.864,9.067
HB304,18.621,2.138,2.079,2.041,1.795,2.006,2.202,2.361,2.272,0.883,0.622,1.024,0.0,0.408,1.139,1.482,0.502,1.223,1.346,1.479,0.71,1.402,0.516,1.234,1.58,1.129,0.856,1.42,1.423,1.41,1.827,1.26,1.696,1.872,4.42,3.654,3.237,2.642,2.408,3.784,3.878,3.628,3.303,4.8,2.551,3.167,2.367,2.858,3.286,2.56,3.598,4.382,9.526,9.036,8.451,5.253,2.179,2.357,8.249,4.381,3.396,4.332,3.055,3.134,3.36,9.391,9.075,3.003,2.964,3.493,8.698,5.764,5.532,5.713,3.567,3.008,3.924,4.01,3.945,3.757,1.845,8.065,8.23,4.093,3.981,3.546,4.095,4.994,8.778,8.059,8.468,9.028,9.04,7.956,9.063,8.516,7.344,9.504,8.985,7.943,7.545,8.761,9.861,8.97,8.445,8.627,8.267,8.538,7.929,9.352,8.555
HB305,18.819,2.255,2.284,2.122,1.876,2.087,1.701,2.119,1.772,0.964,0.704,1.107,0.408,0.0,1.617,1.963,0.98,1.704,1.823,1.961,0.617,1.313,0.429,1.142,1.493,1.042,1.346,1.909,1.334,1.9,2.309,1.168,2.185,2.361,4.898,4.132,3.715,3.12,2.885,4.262,4.355,4.106,3.78,5.278,3.029,3.645,2.844,3.335,3.764,3.038,4.076,4.86,10.004,9.514,8.929,5.731,2.657,2.835,8.727,4.859,3.874,4.81,3.532,3.612,3.838,9.868,9.552,3.481,3.442,3.971,9.175,6.241,6.01,6.191,4.045,3.486,4.402,4.487,4.423,4.235,2.322,8.543,8.708,4.571,4.459,4.023,4.573,5.472,9.256,8.537,8.946,9.506,9.518,8.434,9.54,8.994,7.822,9.982,9.463,8.421,8.022,9.239,10.339,9.448,8.923,9.105,8.744,9.015,8.407,9.83,9.033
HB401,17.519,1.07,1.151,1.528,0.965,1.117,2.775,3.22,2.958,1.008,1.247,1.598,1.139,1.617,0.0,0.708,0.646,0.66,0.411,0.828,1.811,2.503,1.616,2.92,2.681,2.23,1.377,1.941,2.524,1.3,1.265,2.361,1.713,1.31,3.928,3.07,2.748,2.15,1.527,3.296,3.386,2.693,2.368,3.92,1.617,2.287,1.432,1.978,2.406,1.626,2.718,3.89,8.646,8.156,7.571,4.373,1.245,1.423,7.369,3.501,2.904,3.84,2.175,2.254,2.48,8.51,8.195,2.068,2.084,2.613,7.818,4.884,4.652,4.833,3.078,2.516,3.044,3.518,3.01,3.265,0.965,7.185,7.35,3.159,3.101,3.057,3.603,4.114,7.898,7.179,7.588,8.148,8.16,7.076,8.182,7.636,6.464,8.624,8.105,7.063,6.665,7.881,8.981,8.09,7.565,7.747,7.387,7.657,7.049,8.472,7.675
HB402,17.864,1.09,1.172,1.696,0.985,1.138,2.942,3.099,2.868,1.028,1.268,1.618,1.482,1.963,0.708,0.0,0.628,0.318,0.892,0.485,1.468,2.158,1.274,1.992,2.338,1.887,1.034,1.598,2.179,0.957,0.922,2.018,1.37,0.968,3.838,3.072,2.654,2.059,1.825,3.202,3.295,3.048,2.723,4.217,1.972,2.585,1.978,2.275,2.703,1.98,3.016,3.8,8.944,8.454,7.869,4.671,1.726,1.904,7.666,3.798,2.813,3.75,2.472,2.551,2.777,8.808,8.492,2.549,2.381,2.91,8.115,5.181,4.95,5.131,2.984,2.426,3.341,3.427,3.365,3.175,1.262,7.483,7.647,3.514,3.399,2.963,3.513,4.411,8.196,7.476,7.885,8.446,8.458,7.374,8.48,7.933,6.761,8.921,8.403,7.36,6.962,8.178,9.278,8.388,7.863,8.045,7.684,7.955,7.346,8.769,7.972
HB404,18.165,1.718,1.666,1.586,1.479,1.551,2.25,2.667,2.32,0.427,0.666,1.073,0.502,0.98,0.646,0.628,0.0,1.044,0.845,1.212,1.426,2.118,1.232,1.95,2.296,1.845,1.471,2.035,2.139,1.522,1.649,1.976,1.807,1.694,4.362,3.504,3.182,2.584,1.962,3.73,3.82,3.127,2.802,4.354,2.051,2.721,1.866,2.412,2.84,2.06,3.152,4.324,9.08,8.59,8.005,4.807,1.679,1.857,7.803,3.935,3.338,4.274,2.609,2.688,2.914,8.945,8.629,2.502,2.518,3.047,8.252,5.318,5.086,5.267,3.513,2.95,3.478,3.952,3.444,3.699,1.399,7.619,7.784,3.593,3.535,3.491,4.038,4.548,8.332,7.613,8.022,8.582,8.594,7.51,8.617,8.07,6.898,9.058,8.539,7.497,7.099,8.315,9.415,8.524,7.999,8.181,7.821,8.092,7.483,8.906,8.109
HB407,18.18,1.183,1.114,1.403,0.927,1.08,2.737,2.894,3.041,0.826,1.07,1.56,1.223,1.704,0.66,0.318,1.044,0.0,0.897,0.708,1.147,1.843,1.278,1.672,2.343,1.892,0.716,1.281,1.864,0.767,1.056,1.698,1.052,1.101,3.972,3.556,2.788,2.194,2.014,3.336,3.429,3.18,2.854,4.406,2.103,2.773,1.918,2.464,2.892,2.112,3.204,3.934,9.133,8.642,8.057,4.859,1.731,1.909,7.855,3.987,2.947,3.884,2.661,2.74,2.966,8.997,8.681,2.554,2.57,3.099,8.304,5.37,5.139,5.319,3.119,2.56,3.53,3.561,3.496,3.309,1.451,7.671,7.836,3.645,3.588,3.097,3.647,4.6,8.384,7.665,8.074,8.634,8.646,7.562,8.669,8.122,6.95,9.11,8.591,7.549,7.151,8.367,9.467,8.576,8.051,8.233,7.873,8.144,7.535,8.958,8.161
HB408,17.93,1.447,1.529,1.849,1.342,1.495,3.385,3.052,2.967,1.272,1.51,1.975,1.346,1.823,0.411,0.892,0.845,0.897,0.0,0.942,1.635,2.328,1.441,2.16,2.505,2.054,1.202,1.766,2.349,1.253,1.379,2.186,1.537,1.425,4.093,3.234,2.913,2.315,1.692,3.46,3.55,2.858,2.533,4.084,1.781,2.452,1.597,2.142,2.571,1.79,2.883,4.055,8.811,8.321,7.736,4.538,1.409,1.587,7.534,3.666,3.069,4.005,2.339,2.419,2.645,8.675,8.359,2.233,2.248,2.778,7.982,5.048,4.817,4.998,3.243,2.681,3.208,3.682,3.175,3.43,1.129,7.35,7.515,3.323,3.266,3.222,3.768,4.278,8.063,7.344,7.753,8.313,8.325,7.241,8.347,7.801,6.628,8.788,8.27,7.228,6.829,8.046,9.146,8.255,7.73,7.912,7.551,7.822,7.213,8.637,7.84
HB409,17.914,0.705,0.635,1.012,0.449,0.601,2.259,2.416,2.332,0.671,0.91,1.082,1.479,1.961,0.828,0.485,1.212,0.708,0.942,0.0,1.224,1.92,1.676,1.749,2.421,2.289,0.791,1.355,1.941,0.713,0.679,1.775,1.126,0.724,4.115,3.349,2.932,2.337,2.166,3.479,3.572,3.336,3.011,4.558,2.259,2.926,2.265,2.616,3.045,2.268,3.357,4.077,9.285,8.795,8.21,5.012,2.279,2.234,8.008,4.14,3.091,4.027,2.813,2.893,3.119,9.149,8.833,2.967,2.722,3.252,8.456,5.522,5.291,5.472,3.262,2.703,3.683,3.704,3.653,3.452,1.603,7.824,7.989,3.801,3.74,3.241,3.79,4.753,8.537,7.818,8.227,8.787,8.799,7.715,8.821,8.275,7.103,9.262,8.744,7.702,7.303,8.52,9.62,8.729,8.204,8.386,8.025,8.296,7.688,9.111,8.314
HB501,19.139,1.929,1.86,1.78,1.673,1.745,1.364,1.519,1.434,0.942,0.681,0.313,0.71,0.617,1.811,1.468,1.426,1.147,1.635,1.224,0.0,0.955,0.772,0.524,1.197,1.342,1.598,2.158,1.583,2.149,2.566,0.55,2.434,2.611,5.68,4.914,4.497,3.902,3.667,5.044,5.137,4.891,4.565,6.059,3.814,4.427,3.699,4.117,4.546,3.823,4.858,5.642,10.786,10.296,9.711,6.513,2.745,2.165,9.509,5.641,4.656,5.592,4.314,4.394,4.62,10.65,10.334,4.289,4.223,4.753,9.957,7.023,6.792,6.973,4.827,4.268,5.184,5.269,5.207,5.017,3.104,9.325,9.49,5.356,5.241,4.805,5.355,6.254,10.038,9.319,9.728,10.288,10.3,9.216,10.322,9.776,8.604,10.763,10.245,9.203,8.804,10.021,11.121,10.23,9.705,9.887,9.526,9.797,9.189,10.612,9.815
HB502,19.466,1.794,1.923,1.764,1.443,1.85,0.373,0.532,0.586,1.637,1.377,1.009,1.402,1.313,2.503,2.158,2.118,1.843,2.328,1.92,0.955,0.0,0.886,0.446,1.131,1.457,1.258,1.506,0.931,1.497,1.915,0.665,1.782,1.959,5.671,4.905,4.488,3.893,3.723,5.035,5.129,4.844,4.567,6.115,3.816,4.482,3.619,4.173,4.601,3.889,4.913,5.633,10.842,10.351,9.766,6.568,2.666,2.085,9.564,5.696,4.647,5.583,4.37,4.449,4.675,10.706,10.39,4.209,4.279,4.808,10.013,7.079,6.847,7.028,4.818,4.259,5.239,5.261,5.21,5.009,3.16,9.38,9.545,5.358,5.296,4.797,5.347,6.309,10.093,9.374,9.783,10.343,10.355,9.271,10.378,9.831,8.659,10.819,10.3,9.258,8.86,10.076,11.176,10.285,9.76,9.942,9.582,9.853,9.244,10.667,9.87
HB503,19.135,2.363,2.268,2.23,1.984,2.195,1.26,1.417,1.769,1.072,0.812,1.215,0.516,0.429,1.616,1.274,1.232,1.278,1.441,1.676,0.772,0.886,0.0,0.716,1.064,0.067,1.466,2.029,1.454,2.02,2.429,0.866,2.297,2.475,5.453,4.687,4.27,3.675,3.441,4.817,4.911,4.555,4.23,5.833,3.478,4.2,3.484,3.891,4.319,3.487,4.631,5.415,10.56,10.069,9.484,6.286,3.199,2.619,9.282,5.414,4.429,5.365,4.088,4.167,4.393,10.424,10.108,4.036,3.997,4.526,9.731,6.797,6.565,6.746,4.6,4.041,4.957,5.043,4.872,4.79,2.878,9.098,9.263,5.02,5.014,4.579,5.129,6.027,9.811,9.092,9.501,10.061,10.073,8.989,10.096,9.549,8.377,10.537,10.018,8.976,8.578,9.794,10.894,10.003,9.478,9.66,9.3,9.571,8.962,10.385,9.588
HB505,20.44,2.24,2.173,2.21,1.89,2.1,0.816,0.69,0.605,1.466,1.206,0.838,1.234,1.142,2.92,1.992,1.95,1.672,2.16,1.749,0.524,0.446,0.716,0.0,0.678,1.3,1.101,1.665,1.087,1.653,2.073,0.507,1.9,2.115,5.51,4.744,4.326,3.732,3.561,4.874,4.967,4.52,4.338,5.953,3.552,4.321,3.171,4.011,4.439,3.441,4.752,5.472,10.68,10.19,9.605,6.407,2.217,1.637,9.402,5.534,4.485,5.422,4.208,4.287,4.513,10.544,10.228,3.761,4.117,4.646,9.851,6.917,6.686,6.867,4.657,4.098,5.077,5.099,4.981,4.847,2.998,9.219,9.383,5.129,5.135,4.635,5.185,6.147,9.932,9.212,9.621,10.182,10.194,9.11,10.216,9.669,8.497,10.657,10.139,9.096,8.698,9.914,11.014,10.124,9.599,9.781,9.42,9.691,9.082,10.505,9.708
HB506,21.447,3.428,3.045,2.885,2.574,2.972,1.23,0.902,0.555,2.137,1.877,1.51,1.58,1.493,2.681,2.338,2.296,2.343,2.505,2.421,1.197,1.131,1.064,0.678,0.0,0.849,1.483,2.043,1.468,2.034,2.451,0.56,2.319,2.496,5.688,4.922,4.505,3.91,3.676,5.052,5.146,4.896,4.571,6.068,3.82,4.435,3.584,4.126,4.554,3.828,4.867,5.65,10.795,10.304,9.719,6.521,2.63,2.05,9.517,5.649,4.664,5.6,4.323,4.402,4.628,10.659,10.343,4.174,4.232,4.761,9.966,7.032,6.801,6.981,4.835,4.276,5.192,5.278,5.213,5.025,3.113,9.333,9.498,5.361,5.25,4.814,5.364,6.262,10.046,9.327,9.736,10.297,10.308,9.224,10.331,9.784,8.612,10.772,10.253,9.211,8.813,10.029,11.129,10.238,9.713,9.895,9.535,9.806,9.197,10.62,9.823
HB508,19.749,2.977,2.881,2.844,2.598,2.808,2.074,1.745,1.399,1.686,1.426,1.656,1.129,1.042,2.23,1.887,1.845,1.892,2.054,2.289,1.342,1.457,0.067,1.3,0.849,0.0,1.288,1.851,1.276,1.842,2.247,1.11,2.115,2.292,4.84,4.074,3.657,3.062,2.827,4.204,4.297,4.048,3.722,5.219,2.971,3.587,2.786,3.277,3.706,2.98,4.018,4.802,9.946,9.456,8.871,5.673,2.599,2.777,8.669,4.801,3.816,4.752,3.474,3.554,3.78,9.81,9.494,3.422,3.383,3.913,9.117,6.183,5.952,6.133,3.987,3.428,4.343,4.429,4.365,4.177,2.264,8.485,8.65,4.513,4.401,3.965,4.515,5.413,9.198,8.479,8.888,9.448,9.46,8.376,9.482,8.936,7.763,9.923,9.405,8.363,7.964,9.181,10.281,9.39,8.865,9.047,8.686,8.957,8.348,9.772,8.975
HB601,18.705,1.495,1.426,1.346,1.239,1.311,1.632,1.795,1.709,0.64,0.88,0.459,0.856,1.346,1.377,1.034,1.471,0.716,1.202,0.791,1.598,1.258,1.466,1.101,1.483,1.288,0.0,0.564,1.149,0.555,0.973,1.328,0.799,1.016,4.729,3.963,3.546,2.951,2.781,4.093,4.187,3.901,3.625,5.173,2.874,3.54,2.88,3.231,3.659,2.883,3.971,4.691,9.899,9.409,8.824,5.626,2.893,2.848,8.622,4.754,3.705,4.641,3.428,3.507,3.733,9.764,9.448,3.582,3.337,3.866,9.071,6.137,5.905,6.086,3.876,3.317,4.297,4.319,4.268,4.066,2.218,8.438,8.603,4.416,4.354,3.855,4.405,5.367,9.151,8.432,8.841,9.401,9.413,8.329,9.436,8.889,7.717,9.877,9.358,8.316,7.918,9.134,10.234,9.343,8.818,9.0,8.64,8.911,8.302,9.725,8.928
HB602,18.903,1.229,1.162,1.151,0.879,1.089,1.387,1.545,1.788,1.205,1.444,1.023,1.42,1.909,1.941,1.598,2.035,1.281,1.766,1.355,2.158,1.506,2.029,1.665,2.043,1.851,0.564,0.0,0.948,0.945,0.87,1.591,0.526,0.915,5.12,4.354,3.936,3.341,3.171,4.484,4.577,4.292,4.018,5.563,3.267,3.93,3.273,3.621,4.049,3.276,4.362,5.082,10.29,9.8,9.214,6.017,3.286,3.241,9.012,5.144,4.095,5.032,3.818,3.897,4.123,10.154,9.838,3.974,3.727,4.256,9.461,6.527,6.296,6.477,4.267,3.708,4.687,4.709,4.66,4.457,2.608,8.829,8.993,4.809,4.745,4.245,4.795,5.757,9.541,8.822,9.231,9.792,9.804,8.72,9.826,9.279,8.107,10.267,9.749,8.706,8.308,9.524,10.624,9.734,9.208,9.391,9.03,9.301,8.692,10.115,9.318
HB603,19.487,1.955,1.748,1.737,1.464,1.675,0.811,0.97,1.213,1.658,1.398,1.03,1.423,1.334,2.524,2.179,2.139,1.864,2.349,1.941,1.583,0.931,1.454,1.087,1.468,1.276,1.149,0.948,0.0,1.061,1.175,1.103,1.045,1.221,5.236,4.47,4.052,3.457,3.287,4.6,4.693,4.408,4.132,5.679,3.38,4.046,3.386,3.737,4.165,3.389,4.478,5.198,10.406,9.916,9.33,6.132,3.127,2.547,9.128,5.26,4.211,5.148,3.934,4.013,4.239,10.27,9.954,4.088,3.843,4.372,9.577,6.643,6.412,6.593,4.382,3.824,4.803,4.825,4.774,4.573,2.724,8.944,9.109,4.922,4.861,4.361,4.911,5.873,9.657,8.938,9.347,9.908,9.919,8.836,9.942,9.395,8.223,10.383,9.865,8.822,8.424,9.64,10.74,9.849,9.324,9.507,9.146,9.417,8.808,10.231,9.434
HB608,18.26,0.729,0.661,0.624,0.378,0.588,1.87,2.027,2.11,0.691,0.931,1.014,1.41,1.9,1.3,0.957,1.522,0.767,1.253,0.713,2.149,1.497,2.02,1.653,2.034,1.842,0.555,0.945,1.061,0.0,0.739,1.707,0.736,0.785,4.175,3.409,2.992,2.397,2.227,3.539,3.633,3.396,3.071,4.619,2.32,2.986,2.326,2.677,3.105,2.329,3.417,4.137,9.346,8.855,8.27,5.072,2.059,2.237,8.068,4.2,3.151,4.087,2.874,2.953,3.179,9.21,8.894,2.882,2.783,3.312,8.517,5.583,5.351,5.532,3.322,2.764,3.743,3.765,3.713,3.513,1.664,7.884,8.049,3.862,3.8,3.301,3.851,4.813,8.597,7.878,8.287,8.847,8.859,7.775,8.882,8.335,7.163,9.323,8.804,7.762,7.364,8.58,9.68,8.789,8.264,8.446,8.086,8.357,7.748,9.171,8.374
HB609,18.217,0.248,0.129,0.357,0.201,0.056,1.793,1.951,2.195,1.107,1.347,1.43,1.827,2.309,1.265,0.922,1.649,1.056,1.379,0.679,2.566,1.915,2.429,2.073,2.451,2.247,0.973,0.87,1.175,0.739,0.0,2.239,0.447,0.237,4.443,3.677,3.259,2.664,2.494,3.807,3.9,3.665,3.34,4.886,2.589,3.253,2.595,2.944,3.372,2.597,3.685,4.405,9.613,9.123,8.538,5.34,2.608,2.563,8.335,4.467,3.418,4.355,3.141,3.22,3.446,9.477,9.161,3.296,3.05,3.579,8.784,5.85,5.619,5.8,3.59,3.031,4.01,4.032,3.982,3.78,1.931,8.152,8.316,4.131,4.068,3.568,4.118,5.08,8.864,8.145,8.554,9.115,9.127,8.043,9.149,8.602,7.43,9.59,9.072,8.029,7.631,8.847,9.947,9.057,8.531,8.714,8.353,8.624,8.015,9.438,8.641
HB610,19.689,2.48,2.41,2.429,2.223,2.295,1.038,1.195,1.116,1.492,1.232,0.863,1.26,1.168,2.361,2.018,1.976,1.698,2.186,1.775,0.55,0.665,0.866,0.507,0.56,1.11,1.328,1.591,1.103,1.707,2.239,0.0,2.208,2.385,5.632,4.866,4.449,3.854,3.619,4.996,5.089,4.84,4.515,6.012,3.763,4.379,3.473,4.07,4.498,3.772,4.81,5.594,10.738,10.248,9.663,6.465,2.52,1.94,9.461,5.593,4.608,5.544,4.267,4.346,4.572,10.602,10.287,4.063,4.176,4.705,9.91,6.975,6.744,6.925,4.779,4.22,5.136,5.221,5.157,4.969,3.057,9.277,9.442,5.305,5.193,4.758,5.307,6.206,9.99,9.271,9.68,10.24,10.252,9.168,10.274,9.728,8.556,10.716,10.197,9.155,8.757,9.973,11.073,10.182,9.657,9.839,9.479,9.749,9.141,10.564,9.767
HB611,18.664,0.695,0.577,0.517,0.648,0.504,1.662,1.821,2.064,0.976,1.216,1.299,1.696,2.185,1.713,1.37,1.807,1.052,1.537,1.126,2.434,1.782,2.297,1.9,2.319,2.115,0.799,0.526,1.045,0.736,0.447,2.208,0.0,0.684,4.888,4.122,3.705,3.11,2.939,4.252,4.345,4.06,3.784,5.331,3.033,3.699,3.039,3.389,3.818,3.042,4.13,4.85,10.058,9.568,8.983,5.785,2.774,2.952,8.781,4.913,3.864,4.8,3.586,3.666,3.891,9.922,9.606,3.74,3.495,4.024,9.229,6.295,6.064,6.245,4.035,3.476,4.455,4.477,4.426,4.225,2.376,8.597,8.761,4.575,4.513,4.013,4.563,5.525,9.31,8.591,8.999,9.56,9.572,8.488,9.594,9.048,7.875,10.035,9.517,8.475,8.076,9.292,10.393,9.502,8.977,9.159,8.798,9.069,8.46,9.884,9.087
HB612,18.302,0.333,0.215,0.592,0.247,0.181,1.839,1.997,2.24,1.153,1.392,1.475,1.872,2.361,1.31,0.968,1.694,1.101,1.425,0.724,2.611,1.959,2.475,2.115,2.496,2.292,1.016,0.915,1.221,0.785,0.237,2.385,0.684,0.0,4.207,3.441,3.023,2.429,2.258,3.571,3.664,3.428,3.103,4.65,2.352,3.018,2.357,2.708,3.136,2.36,3.449,4.169,9.377,8.887,8.302,5.104,2.371,2.326,8.099,4.231,3.182,4.119,2.905,2.984,3.21,9.241,8.925,3.059,2.814,3.343,8.548,5.614,5.383,5.564,3.354,2.795,3.774,3.796,3.745,3.544,1.695,7.916,8.08,3.893,3.832,3.332,3.882,4.844,8.629,7.909,8.318,8.879,8.891,7.807,8.913,8.366,7.194,9.354,8.836,7.793,7.395,8.611,9.711,8.821,8.296,8.478,8.117,8.388,7.779,9.202,8.405
JC002,19.102,4.192,4.42,4.798,4.236,4.386,6.045,6.202,6.118,4.289,4.528,4.868,4.42,4.898,3.928,3.838,4.362,3.972,4.093,4.115,5.68,5.671,5.453,5.51,5.688,4.84,4.729,5.12,5.236,4.175,4.443,5.632,4.888,4.207,0.0,1.217,1.185,2.148,2.834,1.331,0.846,3.601,3.153,3.034,4.04,2.219,4.769,2.183,1.646,3.629,1.533,0.404,4.962,2.864,4.509,3.487,4.812,4.857,4.598,5.468,1.911,0.616,2.33,2.288,1.847,4.055,3.172,5.34,2.917,1.74,3.489,3.845,3.841,3.812,1.275,1.388,2.293,0.75,3.795,1.027,3.575,5.038,5.723,3.944,1.87,1.364,0.58,2.828,3.156,3.947,3.744,3.974,4.475,4.441,5.531,5.339,5.029,7.115,6.569,6.227,5.828,7.045,8.2,7.309,7.08,7.035,6.097,5.6,5.341,7.691,5.116
JC003,18.417,3.426,3.654,4.032,3.47,3.62,5.279,5.925,5.84,3.523,3.762,4.102,3.654,4.132,3.07,3.072,3.504,3.556,3.234,3.349,4.914,4.905,4.687,4.744,4.922,4.074,3.963,4.354,4.47,3.409,3.677,4.866,4.122,3.441,1.217,0.0,0.951,2.215,1.749,0.882,0.794,2.566,2.118,1.978,3.005,1.184,3.734,1.073,0.644,2.594,0.477,1.399,3.952,1.854,3.478,2.431,3.777,4.414,3.588,4.754,1.992,1.349,1.327,1.285,0.844,3.045,2.162,4.305,1.855,0.964,2.479,2.79,2.786,2.803,0.665,1.469,1.039,1.026,2.76,1.367,2.669,4.028,4.714,2.909,0.861,0.196,1.093,1.818,2.146,2.937,2.734,2.964,3.466,3.431,4.521,4.329,5.202,7.362,5.559,5.801,5.403,6.619,7.719,6.828,6.303,6.025,5.087,4.59,5.787,7.21,4.106
JC006,18.0,3.009,3.237,3.615,3.052,3.203,4.861,5.018,4.935,3.106,3.345,3.685,3.237,3.715,2.748,2.654,3.182,2.788,2.913,2.932,4.497,4.488,4.27,4.326,4.505,3.657,3.546,3.936,4.052,2.992,3.259,4.449,3.705,3.023,1.185,0.951,0.0,1.797,2.143,1.34,0.652,3.073,2.625,3.093,3.512,1.691,4.241,1.476,1.32,3.101,1.519,1.157,4.971,2.873,4.518,3.546,4.284,4.153,4.607,4.776,1.56,1.106,1.693,1.772,1.653,4.064,3.181,4.812,2.226,1.069,3.498,3.904,3.9,3.822,1.116,1.037,2.303,0.784,3.267,0.676,2.866,5.047,5.733,3.416,1.88,1.169,0.87,2.837,3.165,3.956,3.754,3.984,4.485,4.451,5.54,5.348,6.011,8.171,6.578,6.61,6.212,7.428,8.528,7.637,7.112,7.044,6.106,5.61,6.596,8.019,5.125
JC008,17.704,2.414,2.642,3.02,2.457,2.608,4.266,4.423,4.34,2.511,2.75,3.09,2.642,3.12,2.15,2.059,2.584,2.194,2.315,2.337,3.902,3.893,3.675,3.732,3.91,3.062,2.951,3.341,3.457,2.397,2.664,3.854,3.11,2.429,2.148,2.215,1.797,0.0,1.95,2.46,1.775,3.089,2.738,3.87,2.954,2.297,3.521,1.701,2.13,2.489,2.487,2.28,9.087,3.996,8.011,4.323,3.238,3.227,7.809,3.941,0.754,2.23,2.185,2.264,2.49,8.951,8.635,4.289,2.557,2.337,8.258,5.324,5.093,4.783,2.243,0.906,3.054,1.907,3.38,1.655,1.945,7.625,7.79,3.528,3.003,2.222,1.993,3.96,8.338,7.619,8.028,8.589,8.6,7.516,8.623,8.076,6.904,9.064,8.546,7.503,7.105,8.321,9.421,8.53,8.005,8.187,7.827,8.098,7.489,8.912,8.115
JC009,17.34,2.243,2.471,2.849,2.287,2.437,4.096,4.383,4.298,2.276,2.516,2.919,2.408,2.885,1.527,1.825,1.962,2.014,1.692,2.166,3.667,3.723,3.441,3.561,3.676,2.827,2.781,3.171,3.287,2.227,2.494,3.619,2.939,2.258,2.834,1.749,2.143,1.95,0.0,1.946,1.665,2.088,1.64,2.579,2.526,0.946,3.255,0.351,0.78,2.115,1.137,2.463,4.783,2.513,4.079,3.032,3.299,3.459,4.419,3.734,1.701,2.502,0.834,0.913,1.139,3.876,3.117,3.826,0.742,0.986,3.31,3.391,3.387,3.492,1.729,1.178,1.703,2.179,2.282,1.927,1.662,7.418,7.583,2.43,1.52,1.367,2.265,2.773,3.101,3.768,3.565,3.795,4.297,4.262,5.352,5.16,6.697,8.857,8.338,7.296,6.898,8.114,9.214,8.323,7.798,7.98,7.62,5.421,7.282,8.705,4.937
JC013,18.547,3.556,3.784,4.162,3.6,3.75,5.409,5.566,5.482,3.653,3.892,4.232,3.784,4.262,3.296,3.202,3.73,3.336,3.46,3.479,5.044,5.035,4.817,4.874,5.052,4.204,4.093,4.484,4.6,3.539,3.807,4.996,4.252,3.571,1.331,0.882,1.34,2.46,1.946,0.0,0.741,3.096,2.647,2.313,3.534,1.714,4.263,1.6,1.108,3.123,0.812,0.968,3.92,1.822,3.467,2.766,4.307,4.286,3.555,4.91,2.149,0.898,1.824,1.783,1.31,3.013,2.13,4.834,2.359,1.203,2.447,3.124,3.12,2.77,0.233,1.626,1.251,0.575,3.29,1.446,2.999,3.996,4.681,3.438,0.828,0.624,0.988,1.786,2.113,2.905,2.702,2.932,3.433,3.399,4.488,4.297,3.987,6.073,5.527,5.185,4.786,6.002,7.158,6.267,6.038,5.993,5.055,4.558,4.299,6.649,4.074
JC014,18.266,3.649,3.878,4.255,3.693,3.844,5.502,5.659,5.575,3.746,3.986,4.325,3.878,4.355,3.386,3.295,3.82,3.429,3.55,3.572,5.137,5.129,4.911,4.967,5.146,4.297,4.187,4.577,4.693,3.633,3.9,5.089,4.345,3.664,0.846,0.794,0.652,1.775,1.665,0.741,0.0,2.755,2.307,2.441,3.193,1.373,3.922,1.228,0.799,2.782,0.942,1.448,4.387,2.289,3.941,2.894,3.966,3.978,4.023,4.601,1.84,1.378,1.484,1.442,1.001,3.48,2.597,4.493,2.05,0.894,2.914,3.253,3.249,3.238,0.539,1.317,1.718,1.055,2.949,1.1,2.691,4.463,6.245,3.097,1.296,0.517,1.137,2.253,2.581,3.372,3.169,3.399,3.901,3.866,4.956,4.764,5.359,7.519,7.001,5.958,5.56,6.776,7.876,6.985,6.46,6.642,5.522,5.025,5.944,7.367,4.541
JC018,18.479,3.364,3.643,3.97,3.408,3.609,5.08,4.746,4.661,3.5,3.739,4.089,3.628,4.106,2.693,3.048,3.127,3.18,2.858,3.336,4.891,4.844,4.555,4.52,4.896,4.048,3.901,4.292,4.408,3.396,3.665,4.84,4.06,3.428,3.601,2.566,3.073,3.089,2.088,3.096,2.755,0.0,0.513,1.478,1.184,1.433,1.255,1.851,1.923,1.065,2.349,3.807,3.339,3.506,2.453,1.715,2.288,2.925,3.621,0.89,3.192,3.786,1.844,1.58,1.813,2.421,2.954,1.685,1.381,2.209,2.513,1.839,1.608,2.283,2.921,2.669,2.189,3.463,0.687,3.418,2.741,4.282,4.412,0.831,2.732,2.511,3.502,3.2,2.98,2.971,2.768,2.838,3.499,3.465,3.928,3.695,4.053,6.68,6.211,4.974,4.575,5.066,6.322,6.001,5.476,5.658,6.847,3.956,4.585,5.343,4.017
JC019,18.128,3.013,3.318,3.694,3.131,3.284,4.898,4.564,4.479,3.174,3.414,3.764,3.303,3.78,2.368,2.723,2.802,2.854,2.533,3.011,4.565,4.567,4.23,4.338,4.571,3.722,3.625,4.018,4.132,3.071,3.34,4.515,3.784,3.103,3.153,2.118,2.625,2.738,1.64,2.647,2.307,0.513,0.0,1.433,1.017,0.983,1.585,1.401,1.474,0.898,1.9,3.358,3.298,3.057,2.462,1.67,2.121,2.758,3.577,1.461,2.742,3.337,1.395,1.131,1.363,2.376,3.094,2.352,0.932,1.759,2.468,1.799,1.567,2.238,2.472,2.219,1.74,3.014,0.642,2.968,2.291,4.237,4.371,0.791,2.283,2.061,3.052,2.75,3.078,2.926,2.723,2.793,3.454,3.42,3.887,3.654,5.474,5.431,4.884,6.074,5.675,6.892,7.992,7.101,6.576,6.758,6.397,3.916,6.059,7.483,3.431
JC020,33.62,4.636,4.864,5.242,4.679,4.83,6.488,5.997,5.912,4.668,4.908,5.311,4.8,5.278,3.92,4.217,4.354,4.406,4.084,4.558,6.059,6.115,5.833,5.953,6.068,5.219,5.173,5.563,5.679,4.619,4.886,6.012,5.331,4.65,3.034,1.978,3.093,3.87,2.579,2.313,2.441,1.478,1.433,0.0,1.994,1.96,2.561,2.378,1.849,1.874,1.522,3.221,2.347,2.123,1.536,0.489,3.097,3.734,2.252,1.983,3.719,3.151,1.981,2.107,1.498,1.051,1.584,3.329,1.908,2.169,1.143,0.847,0.843,0.913,2.076,3.196,1.363,2.828,1.669,3.121,3.268,2.912,3.139,1.817,1.999,2.067,2.674,1.816,1.61,1.601,1.398,1.468,2.129,2.095,2.936,2.703,2.683,4.479,3.933,3.604,3.206,4.422,5.522,4.631,4.106,4.288,5.463,2.964,3.215,5.013,2.48
JC022,18.344,2.484,2.566,2.943,2.379,2.532,4.111,3.778,3.693,2.423,2.662,3.012,2.551,3.029,1.617,1.972,2.051,2.103,1.781,2.259,3.814,3.816,3.478,3.552,3.82,2.971,2.874,3.267,3.38,2.32,2.589,3.763,3.033,2.352,4.04,3.005,3.512,2.954,2.526,3.534,3.193,1.184,1.017,1.994,0.0,1.863,0.715,2.281,2.354,0.652,2.779,4.237,4.095,3.936,3.809,2.467,1.296,1.933,4.373,1.872,3.49,4.216,2.274,2.01,2.243,3.173,3.974,1.522,1.811,2.639,3.264,2.595,2.364,3.035,3.351,3.0,2.62,3.894,1.439,3.851,2.026,7.964,8.129,1.587,3.162,2.941,3.932,3.63,3.958,3.722,3.52,3.589,4.251,4.217,4.684,4.451,7.243,8.995,8.526,7.842,7.444,8.66,9.76,8.869,8.344,8.526,8.166,4.712,7.828,9.251,6.333
JC023,18.15,3.003,3.231,3.609,3.046,3.197,4.855,5.087,5.002,3.036,3.275,3.679,3.167,3.645,2.287,2.585,2.721,2.773,2.452,2.926,4.427,4.482,4.2,4.321,4.435,3.587,3.54,3.93,4.046,2.986,3.253,4.379,3.699,3.018,2.219,1.184,1.691,2.297,0.946,1.714,1.373,1.433,0.983,1.96,1.863,0.0,2.775,0.677,0.528,1.635,0.917,2.374,3.777,2.074,3.073,2.026,2.818,3.455,3.413,2.498,2.079,2.353,0.449,0.407,0.38,2.87,2.111,3.346,0.897,0.888,2.304,2.385,2.381,2.486,1.489,1.556,0.757,2.031,1.801,2.164,1.791,5.212,5.377,1.95,1.3,1.462,2.069,1.767,2.095,2.762,2.559,2.789,3.29,3.256,4.346,4.154,4.491,6.651,6.133,5.09,4.692,5.908,7.008,6.117,5.592,5.775,5.414,4.415,5.076,6.499,3.931
JC024,18.911,2.49,2.572,2.949,2.385,2.538,3.73,3.397,3.312,2.429,2.668,3.018,2.367,2.844,1.432,1.978,1.866,1.918,1.597,2.265,3.699,3.619,3.484,3.171,3.584,2.786,2.88,3.273,3.386,2.326,2.595,3.473,3.039,2.357,4.769,3.734,4.241,3.521,3.255,4.263,3.922,1.255,1.585,2.561,0.715,2.775,0.0,2.794,2.867,1.192,3.293,4.85,4.4,4.45,3.564,2.772,1.102,1.74,8.329,2.015,3.864,4.8,2.787,2.523,2.756,3.478,4.487,0.786,2.325,3.152,3.57,2.9,2.669,3.34,3.865,3.476,3.133,4.478,1.744,4.225,1.925,8.145,8.31,1.893,3.676,3.454,4.445,4.143,4.471,4.028,3.825,3.895,4.556,8.036,7.009,4.756,7.424,8.633,8.164,8.023,7.625,8.841,8.276,9.05,8.525,8.707,8.347,5.017,8.009,9.432,5.971
JC027,17.527,2.693,2.922,3.299,2.737,2.888,4.546,4.833,4.748,2.726,2.966,3.369,2.858,3.335,1.978,2.275,2.412,2.464,2.142,2.616,4.117,4.173,3.891,4.011,4.126,3.277,3.231,3.621,3.737,2.677,2.944,4.07,3.389,2.708,2.183,1.073,1.476,1.701,0.351,1.6,1.228,1.851,1.401,2.378,2.281,0.677,2.794,0.0,0.429,1.816,0.786,2.163,4.464,2.162,3.76,2.713,2.999,3.636,4.099,3.593,1.401,2.202,0.483,0.563,0.82,3.557,2.798,3.527,0.76,0.635,2.991,3.071,3.067,3.173,1.429,0.878,1.352,1.879,1.982,1.627,1.68,5.899,6.064,2.13,1.169,1.016,1.965,2.454,2.782,3.449,3.246,3.476,3.977,3.943,5.033,4.841,5.178,7.338,6.819,5.777,5.379,6.595,7.695,6.804,6.279,6.461,6.101,5.102,5.763,7.186,4.618
JC032,17.955,3.122,3.35,3.728,3.165,3.316,4.974,5.262,5.177,3.155,3.394,3.798,3.286,3.764,2.406,2.703,2.84,2.892,2.571,3.045,4.546,4.601,4.319,4.439,4.554,3.706,3.659,4.049,4.165,3.105,3.372,4.498,3.818,3.136,1.646,0.644,1.32,2.13,0.78,1.108,0.799,1.923,1.474,1.849,2.354,0.528,2.867,0.429,0.0,1.95,0.357,1.614,4.035,1.733,3.331,2.284,3.133,3.77,3.671,2.812,1.83,1.564,0.645,0.609,0.391,3.128,2.369,3.661,1.211,0.32,2.562,2.643,2.639,2.744,0.931,1.307,1.015,1.242,2.116,1.41,1.993,5.471,5.635,2.264,0.74,0.587,1.309,2.025,2.353,3.02,2.817,3.048,3.549,3.514,4.604,4.412,4.749,6.909,6.391,5.348,4.95,6.166,7.266,6.376,5.851,6.033,5.672,4.673,5.334,6.757,4.189
JC034,17.88,2.493,2.575,2.952,2.388,2.541,4.0,3.667,3.582,2.432,2.671,3.021,2.56,3.038,1.626,1.98,2.06,2.112,1.79,2.268,3.823,3.889,3.487,3.441,3.828,2.98,2.883,3.276,3.389,2.329,2.597,3.772,3.042,2.36,3.629,2.594,3.101,2.489,2.115,3.123,2.782,1.065,0.898,1.874,0.652,1.635,1.192,1.816,1.95,0.0,2.377,3.835,4.196,3.534,3.36,2.568,1.223,1.86,4.873,2.118,3.047,3.814,1.872,1.608,1.84,3.274,3.571,2.019,1.409,2.236,3.764,2.696,2.465,3.136,2.949,2.558,2.217,3.491,1.54,3.408,2.257,7.522,7.686,1.688,2.76,2.538,3.529,3.227,3.555,4.222,4.02,4.25,4.751,7.413,4.785,4.552,6.8,8.96,8.442,7.4,7.001,8.218,9.318,8.427,7.902,8.084,7.723,4.813,7.385,8.809,4.329
JC035,32.651,3.434,3.662,4.04,3.478,3.628,5.287,5.574,5.489,3.467,3.706,4.11,3.598,4.076,2.718,3.016,3.152,3.204,2.883,3.357,4.858,4.913,4.631,4.752,4.867,4.018,3.971,4.362,4.478,3.417,3.685,4.81,4.13,3.449,1.533,0.477,1.519,2.487,1.137,0.812,0.942,2.349,1.9,1.522,2.779,0.917,3.293,0.786,0.357,2.377,0.0,1.605,3.474,1.376,3.03,1.983,3.49,4.127,3.11,3.45,2.187,1.534,1.042,1.0,0.558,2.567,1.685,4.017,1.568,0.677,2.001,2.341,2.337,2.325,0.574,1.664,0.561,1.212,2.473,1.629,2.384,3.551,4.236,2.621,0.383,0.575,1.182,1.34,1.668,2.459,2.257,2.487,2.988,2.954,4.043,3.852,3.542,5.628,5.082,4.739,4.341,5.557,6.713,5.822,5.593,5.547,4.61,4.113,3.854,6.204,3.629
JC038,19.064,4.154,4.382,4.76,4.198,4.348,6.007,6.164,6.08,4.251,4.49,4.83,4.382,4.86,3.89,3.8,4.324,3.934,4.055,4.077,5.642,5.633,5.415,5.472,5.65,4.802,4.691,5.082,5.198,4.137,4.405,5.594,4.85,4.169,0.404,1.399,1.157,2.28,2.463,0.968,1.448,3.807,3.358,3.221,4.237,2.374,4.85,2.163,1.614,3.835,1.605,0.0,4.612,2.514,4.159,3.458,4.781,4.826,4.247,5.436,1.879,0.266,2.299,2.257,1.816,3.705,2.822,5.308,2.886,1.709,3.139,3.816,3.812,3.462,0.925,1.356,1.943,0.4,3.764,0.996,3.544,4.688,5.373,3.912,1.52,1.316,0.548,2.478,2.806,3.597,3.394,3.624,4.125,4.091,5.181,4.989,4.679,6.765,6.219,5.877,5.478,6.695,7.85,6.959,6.73,6.685,5.747,5.25,4.991,7.341,4.766
JC051,31.153,9.362,9.59,9.968,9.406,9.556,11.215,11.502,11.417,9.395,9.635,10.038,9.526,10.004,8.646,8.944,9.08,9.133,8.811,9.285,10.786,10.842,10.56,10.68,10.795,9.946,9.899,10.29,10.406,9.346,9.613,10.738,10.058,9.377,4.962,3.952,4.971,9.087,4.783,3.92,4.387,3.339,3.298,2.347,4.095,3.777,4.4,4.464,4.035,4.196,3.474,4.612,0.0,2.973,0.868,2.013,5.446,6.083,1.262,2.944,5.836,4.585,4.078,4.037,3.712,1.453,2.263,6.009,4.257,4.208,1.822,1.594,1.816,1.851,3.921,5.313,3.307,4.263,2.928,5.134,7.112,1.443,1.65,2.657,3.434,4.039,4.676,2.666,2.29,1.765,1.396,1.086,1.336,1.621,0.569,0.933,2.133,1.741,1.194,2.696,2.977,2.304,2.038,2.739,3.065,3.567,3.869,1.194,1.688,2.553,0.672
JC052,31.348,8.872,9.1,9.478,8.916,9.066,10.725,11.012,10.927,8.905,9.144,9.548,9.036,9.514,8.156,8.454,8.59,8.642,8.321,8.795,10.296,10.351,10.069,10.19,10.304,9.456,9.409,9.8,9.916,8.855,9.123,10.248,9.568,8.887,2.864,1.854,2.873,3.996,2.513,1.822,2.289,3.506,3.057,2.123,3.936,2.074,4.45,2.162,1.733,3.534,1.376,2.514,2.973,0.0,2.808,2.417,4.679,5.316,2.559,3.95,3.681,2.431,2.197,2.155,1.714,2.017,0.874,5.296,2.757,2.053,1.312,2.865,2.771,2.142,1.766,3.158,1.425,2.108,3.401,2.979,3.539,2.95,3.586,3.784,1.553,1.884,2.521,0.307,0.857,1.909,1.706,1.936,2.437,2.568,3.493,3.301,2.7,4.86,4.342,3.3,2.901,4.117,5.218,4.327,3.802,4.881,3.943,3.562,3.285,4.708,3.078
JC053,39.529,8.287,8.515,8.893,8.33,8.481,10.14,10.427,10.342,8.32,8.559,8.963,8.451,8.929,7.571,7.869,8.005,8.057,7.736,8.21,9.711,9.766,9.484,9.605,9.719,8.871,8.824,9.214,9.33,8.27,8.538,9.663,8.983,8.302,4.509,3.478,4.518,8.011,4.079,3.467,3.941,2.453,2.462,1.536,3.809,3.073,3.564,3.76,3.331,3.36,3.03,4.159,0.868,2.808,0.0,1.321,4.67,5.307,2.139,2.111,5.291,4.179,3.553,3.512,3.071,1.067,2.374,4.571,3.481,3.742,1.933,0.752,0.974,1.163,3.515,4.768,2.935,3.857,2.075,4.694,5.674,2.276,2.545,1.804,3.028,3.64,4.246,2.777,2.401,2.391,1.976,1.484,2.088,2.553,1.409,1.828,3.473,2.581,2.035,3.591,3.996,3.199,2.878,3.635,3.96,4.462,5.098,2.09,2.521,3.477,0.964
JC055,34.074,5.089,5.317,5.695,5.132,5.283,6.942,6.234,6.149,5.122,5.361,5.765,5.253,5.731,4.373,4.671,4.807,4.859,4.538,5.012,6.513,6.568,6.286,6.407,6.521,5.673,5.626,6.017,6.132,5.072,5.34,6.465,5.785,5.104,3.487,2.431,3.546,4.323,3.032,2.766,2.894,1.715,1.67,0.489,2.467,2.026,2.772,2.713,2.284,2.568,1.983,3.458,2.013,2.417,1.321,0.0,3.644,4.281,2.856,1.648,4.266,4.238,2.918,2.654,2.586,1.695,2.611,3.084,2.455,3.257,2.17,0.689,0.458,1.581,3.163,3.743,2.451,3.915,1.108,4.209,3.815,2.993,3.261,1.232,3.087,3.155,3.762,2.783,2.638,2.628,2.425,2.2,2.805,3.122,2.778,2.545,3.71,4.321,3.775,4.631,4.233,3.916,4.463,4.351,5.133,5.315,6.551,2.806,3.237,4.193,2.322
JC057,19.063,2.503,2.585,2.683,2.398,2.551,2.777,2.443,2.358,2.106,2.344,3.031,2.179,2.657,1.245,1.726,1.679,1.731,1.409,2.279,2.745,2.666,3.199,2.217,2.63,2.599,2.893,3.286,3.127,2.059,2.608,2.52,2.774,2.371,4.812,3.777,4.284,3.238,3.299,4.307,3.966,2.288,2.121,3.097,1.296,2.818,1.102,2.999,3.133,1.223,3.49,4.781,5.446,4.679,4.67,3.644,0.0,0.637,6.056,2.964,4.231,4.997,3.055,2.791,3.024,4.497,4.755,1.544,2.592,3.42,4.948,3.919,3.688,4.359,4.132,3.741,3.4,4.674,2.763,4.592,2.219,8.439,8.604,2.912,3.943,3.722,4.713,4.411,4.739,5.406,5.203,5.433,5.934,8.331,6.008,5.775,7.718,9.878,9.36,8.317,7.919,9.135,10.235,9.344,8.819,9.002,8.641,6.037,8.303,9.726,6.883
JC059,18.942,2.459,2.54,2.861,2.354,2.506,2.197,1.863,1.778,2.284,2.522,2.478,2.357,2.835,1.423,1.904,1.857,1.909,1.587,2.234,2.165,2.085,2.619,1.637,2.05,2.777,2.848,3.241,2.547,2.237,2.563,1.94,2.952,2.326,4.857,4.414,4.153,3.227,3.459,4.286,3.978,2.925,2.758,3.734,1.933,3.455,1.74,3.636,3.77,1.86,4.127,4.826,6.083,5.316,5.307,4.281,0.637,0.0,8.495,4.627,4.03,4.966,3.301,3.428,3.606,5.134,5.392,2.181,3.21,3.739,8.943,4.556,4.325,4.996,4.204,3.642,4.038,4.643,3.4,4.391,2.09,8.311,8.476,3.549,4.227,4.183,4.729,5.048,9.024,8.305,8.714,9.274,9.286,8.202,9.308,8.762,7.59,9.75,9.231,8.189,7.791,9.007,10.107,9.216,8.691,8.873,8.512,8.783,8.175,9.598,8.801
JC063,32.18,8.085,8.313,8.691,8.128,8.279,9.937,10.225,10.14,8.118,8.357,8.761,8.249,8.727,7.369,7.666,7.803,7.855,7.534,8.008,9.509,9.564,9.282,9.402,9.517,8.669,8.622,9.012,9.128,8.068,8.335,9.461,8.781,8.099,4.598,3.588,4.607,7.809,4.419,3.555,4.023,3.621,3.577,2.252,4.373,3.413,8.329,4.099,3.671,4.873,3.11,4.247,1.262,2.559,2.139,2.856,6.056,8.495,0.0,3.791,8.613,4.164,3.657,3.615,3.29,1.134,1.842,5.24,3.981,3.786,1.401,2.256,2.478,1.532,3.499,8.09,2.885,3.842,3.264,4.712,7.542,0.281,1.134,3.319,3.013,3.617,4.254,2.245,2.22,1.393,1.028,0.718,0.722,0.691,1.303,0.677,0.948,2.435,1.889,1.566,1.967,1.399,2.681,1.869,2.063,3.049,3.068,0.938,0.584,2.172,1.914
JC065,19.331,4.217,4.445,4.823,4.26,4.411,6.069,6.357,6.272,4.25,4.489,4.893,4.381,4.859,3.501,3.798,3.935,3.987,3.666,4.14,5.641,5.696,5.414,5.534,5.649,4.801,4.754,5.144,5.26,4.2,4.467,5.593,4.913,4.231,5.468,4.754,4.776,3.941,3.734,4.91,4.601,0.89,1.461,1.983,1.872,2.498,2.015,3.593,2.812,2.118,3.45,5.436,2.944,3.95,2.111,1.648,2.964,4.627,3.791,0.0,4.316,5.252,3.471,2.457,2.689,2.563,3.959,2.02,2.258,3.909,3.518,1.557,1.326,2.449,4.355,3.826,3.066,4.929,0.954,4.677,3.219,3.861,4.129,1.041,4.058,4.333,5.015,3.875,3.985,3.599,3.56,3.068,3.673,4.138,4.543,3.413,8.069,6.168,5.699,8.668,8.27,4.783,5.81,9.696,9.17,9.353,8.992,3.674,4.105,6.325,3.506
JC066,18.312,3.168,3.396,3.774,3.211,3.362,5.02,5.177,5.094,3.265,3.504,3.844,3.396,3.874,2.904,2.813,3.338,2.947,3.069,3.091,4.656,4.647,4.429,4.485,4.664,3.816,3.705,4.095,4.211,3.151,3.418,4.608,3.864,3.182,1.911,1.992,1.56,0.754,1.701,2.149,1.84,3.192,2.742,3.719,3.49,2.079,3.864,1.401,1.83,3.047,2.187,1.879,5.836,3.681,5.291,4.266,4.231,4.03,8.613,4.316,0.0,2.254,2.38,2.459,2.685,8.931,8.615,4.269,2.537,2.532,8.238,5.304,5.073,4.978,2.438,0.931,3.249,1.932,3.36,1.68,1.926,7.606,7.77,3.509,3.194,2.416,2.018,4.152,8.319,7.6,8.008,8.569,8.581,7.497,8.603,8.057,6.884,9.044,8.526,7.484,7.085,8.301,9.402,8.511,7.986,8.168,7.807,8.078,7.469,8.893,8.096
JC072,19.394,4.104,4.332,4.71,4.148,4.298,5.957,6.113,6.03,4.201,4.44,4.78,4.332,4.81,3.84,3.75,4.274,3.884,4.005,4.027,5.592,5.583,5.365,5.422,5.6,4.752,4.641,5.032,5.148,4.087,4.355,5.544,4.8,4.119,0.616,1.349,1.106,2.23,2.502,0.898,1.378,3.786,3.337,3.151,4.216,2.353,4.8,2.202,1.564,3.814,1.534,0.266,4.585,2.431,4.179,4.238,4.997,4.966,4.164,5.252,2.254,0.0,2.637,2.596,1.773,3.627,2.744,5.647,2.974,1.817,3.061,3.739,3.735,3.385,0.848,1.578,1.866,0.323,4.103,1.218,3.614,4.611,5.296,4.251,1.443,1.238,0.76,2.4,2.728,3.519,3.317,3.547,4.048,4.014,5.103,4.912,4.601,6.688,6.142,5.799,5.401,6.617,7.773,6.882,6.653,6.607,5.669,5.173,4.914,7.264,4.689
JC074,18.038,2.89,3.119,3.497,2.934,3.085,4.743,5.03,4.945,2.923,3.163,3.566,3.055,3.532,2.175,2.472,2.609,2.661,2.339,2.813,4.314,4.37,4.088,4.208,4.323,3.474,3.428,3.818,3.934,2.874,3.141,4.267,3.586,2.905,2.33,1.327,1.693,2.185,0.834,1.824,1.484,1.844,1.395,1.981,2.274,0.449,2.787,0.483,0.645,1.872,1.042,2.299,4.078,2.197,3.553,2.918,3.055,3.301,3.657,3.471,2.38,2.637,0.0,0.524,0.623,3.36,2.601,3.659,0.988,0.439,2.794,2.875,2.871,2.976,1.18,1.107,1.247,1.474,2.115,1.856,1.908,5.703,5.867,2.263,0.972,0.819,1.541,2.257,2.585,3.252,3.049,3.28,3.781,3.747,4.836,4.644,4.981,7.141,6.623,5.58,5.182,6.398,7.498,6.608,6.083,6.265,5.904,4.905,5.566,6.989,4.421
JC075,18.117,2.97,3.198,3.576,3.013,3.164,4.822,5.11,5.025,3.003,3.242,3.646,3.134,3.612,2.254,2.551,2.688,2.74,2.419,2.893,4.394,4.449,4.167,4.287,4.402,3.554,3.507,3.897,4.013,2.953,3.22,4.346,3.666,2.984,2.288,1.285,1.772,2.264,0.913,1.783,1.442,1.58,1.131,2.107,2.01,0.407,2.523,0.563,0.609,1.608,1.0,2.257,4.037,2.155,3.512,2.654,2.791,3.428,3.615,2.457,2.459,2.596,0.524,0.0,0.731,3.221,2.462,3.23,0.463,1.116,2.654,2.735,2.731,2.837,1.839,1.312,1.107,2.313,1.686,2.061,1.384,5.563,5.728,1.834,1.65,1.497,2.42,2.118,2.445,3.112,2.91,3.14,3.641,3.607,4.696,4.505,4.842,7.002,6.483,5.441,5.043,6.259,7.359,6.468,5.943,6.125,5.765,4.766,5.427,6.85,4.282
JC076,32.989,3.196,3.424,3.802,3.239,3.39,5.048,5.335,5.25,3.229,3.468,3.872,3.36,3.838,2.48,2.777,2.914,2.966,2.645,3.119,4.62,4.675,4.393,4.513,4.628,3.78,3.733,4.123,4.239,3.179,3.446,4.572,3.891,3.21,1.847,0.844,1.653,2.49,1.139,1.31,1.001,1.813,1.363,1.498,2.243,0.38,2.756,0.82,0.391,1.84,0.558,1.816,3.712,1.714,3.071,2.586,3.024,3.606,3.29,2.689,2.685,1.773,0.623,0.731,0.0,2.737,1.978,3.531,1.081,0.683,2.171,2.252,2.248,2.353,1.082,1.628,0.624,1.443,1.986,1.784,1.863,5.079,5.244,2.134,0.941,0.789,1.51,1.634,1.962,2.629,2.426,2.656,3.158,3.123,4.213,4.021,4.358,6.518,6.0,4.957,4.559,5.775,6.875,5.985,5.459,5.642,5.281,4.282,4.943,6.366,3.798
JC077,33.322,9.226,9.454,9.832,9.27,9.42,11.079,11.366,11.281,9.259,9.499,9.902,9.391,9.868,8.51,8.808,8.945,8.997,8.675,9.149,10.65,10.706,10.424,10.544,10.659,9.81,9.764,10.154,10.27,9.21,9.477,10.602,9.922,9.241,4.055,3.045,4.064,8.951,3.876,3.013,3.48,2.421,2.376,1.051,3.173,2.87,3.478,3.557,3.128,3.274,2.567,3.705,1.453,2.017,1.067,1.695,4.497,5.134,1.134,2.563,8.931,3.627,3.36,3.221,2.737,0.0,1.307,3.837,2.847,3.096,0.866,1.105,1.327,0.397,2.809,4.201,2.195,3.151,1.885,4.022,4.206,1.415,2.166,2.168,2.322,2.927,3.564,1.555,1.334,1.253,0.909,0.417,1.021,1.486,1.991,1.781,2.335,3.557,3.011,2.641,2.858,2.904,3.699,4.284,3.137,3.941,3.96,2.042,1.718,3.204,1.558
JC078,32.045,8.91,9.139,9.517,8.954,9.105,10.763,11.05,10.965,8.943,9.183,9.586,9.075,9.552,8.195,8.492,8.629,8.681,8.359,8.833,10.334,10.39,10.108,10.228,10.343,9.494,9.448,9.838,9.954,8.894,9.161,10.287,9.606,8.925,3.172,2.162,3.181,8.635,3.117,2.13,2.597,2.954,3.094,1.584,3.974,2.111,4.487,2.798,2.369,3.571,1.685,2.822,2.263,0.874,2.374,2.611,4.755,5.392,1.842,3.959,8.615,2.744,2.601,2.462,1.978,1.307,0.0,5.011,2.795,2.364,0.439,2.441,2.487,1.678,2.077,3.47,1.463,2.419,3.116,3.29,3.577,2.356,2.949,3.5,1.59,2.195,2.832,0.567,0.335,1.045,1.042,1.2,1.701,1.54,2.774,2.564,2.09,4.572,3.794,3.011,2.613,3.829,4.929,4.038,3.513,3.696,3.715,2.826,2.659,4.42,2.341
JC080,19.679,3.192,3.274,3.506,3.087,3.24,4.32,3.987,3.902,2.929,3.37,3.72,3.003,3.481,2.068,2.549,2.502,2.554,2.233,2.967,4.289,4.209,4.036,3.761,4.174,3.422,3.582,3.974,4.088,2.882,3.296,4.063,3.74,3.059,5.34,4.305,4.812,4.289,3.826,4.834,4.493,1.685,2.352,3.329,1.522,3.346,0.786,3.527,3.661,2.019,4.017,5.308,6.009,5.296,4.571,3.084,1.544,2.181,5.24,2.02,4.269,5.647,3.659,3.23,3.531,3.837,5.011,0.0,2.947,3.774,3.946,2.836,2.604,3.214,4.487,4.136,3.755,5.029,1.703,4.987,2.647,5.139,5.408,1.828,4.298,4.076,5.067,4.765,4.413,4.404,4.201,3.745,4.349,4.898,6.486,4.692,8.379,8.111,7.641,8.978,8.58,6.062,7.753,10.005,9.48,9.662,9.301,4.953,5.384,8.268,5.448
JC081,17.947,2.799,3.028,3.406,2.843,2.994,4.652,4.939,4.854,2.832,3.072,3.475,2.964,3.442,2.084,2.381,2.518,2.57,2.248,2.722,4.223,4.279,3.997,4.117,4.232,3.383,3.337,3.727,3.843,2.783,3.05,4.176,3.495,2.814,2.917,1.855,2.226,2.557,0.742,2.359,2.05,1.381,0.932,1.908,1.811,0.897,2.325,0.76,1.211,1.409,1.568,2.886,4.257,2.757,3.481,2.455,2.592,3.21,3.981,2.258,2.537,2.974,0.988,0.463,1.081,2.847,2.795,2.947,0.0,1.093,2.509,2.59,2.586,2.692,1.694,1.444,0.962,2.236,1.541,2.193,1.679,5.418,5.583,1.689,1.505,1.668,2.274,1.972,2.3,2.967,2.765,2.995,3.496,3.462,4.551,4.36,4.697,6.857,6.338,5.296,4.898,6.114,7.214,6.323,5.798,5.98,5.619,4.621,5.282,6.705,4.137
JC082,18.162,3.329,3.557,3.935,3.372,3.523,5.181,5.469,5.383,3.362,3.601,4.005,3.493,3.971,2.613,2.91,3.047,3.099,2.778,3.252,4.753,4.808,4.526,4.646,4.761,3.913,3.866,4.256,4.372,3.312,3.579,4.705,4.024,3.343,1.74,0.964,1.069,2.337,0.986,1.203,0.894,2.209,1.759,2.169,2.639,0.888,3.152,0.635,0.32,2.236,0.677,1.709,4.208,2.053,3.742,3.257,3.42,3.739,3.786,3.909,2.532,1.817,0.439,1.116,0.683,3.096,2.364,3.774,1.093,0.0,3.061,3.142,3.138,3.244,0.744,0.98,1.514,1.105,2.745,1.09,2.354,5.97,6.134,2.894,1.501,0.723,1.172,2.458,2.786,3.519,3.316,3.547,4.048,4.014,5.103,4.911,5.248,7.408,6.89,5.848,5.449,6.665,7.766,6.875,6.35,6.532,6.171,5.173,5.833,7.257,4.688
JC084,32.203,8.533,8.762,9.139,8.577,8.728,10.386,10.673,10.588,8.566,8.806,9.209,8.698,9.175,7.818,8.115,8.252,8.304,7.982,8.456,9.957,10.013,9.731,9.851,9.966,9.117,9.071,9.461,9.577,8.517,8.784,9.91,9.229,8.548,3.489,2.479,3.498,8.258,3.31,2.447,2.914,2.513,2.468,1.143,3.264,2.304,3.57,2.991,2.562,3.764,2.001,3.139,1.822,1.312,1.933,2.17,4.948,8.943,1.401,3.518,8.238,3.061,2.794,2.654,2.171,0.866,0.439,3.946,2.509,3.061,0.0,2.027,2.249,1.263,2.349,3.742,1.735,2.691,2.525,3.562,3.849,1.942,2.535,3.09,1.863,2.467,3.104,1.005,0.492,0.631,0.628,0.785,1.287,1.126,2.36,2.15,1.713,4.195,3.38,2.634,2.236,3.452,4.552,3.661,3.136,3.318,3.337,2.411,2.245,4.043,1.927
JC093,34.432,5.599,5.828,6.205,5.643,5.794,7.452,6.363,6.278,5.632,5.872,6.275,5.764,6.241,4.884,5.181,5.318,5.37,5.048,5.522,7.023,7.079,6.797,6.917,7.032,6.183,6.137,6.527,6.643,5.583,5.85,6.975,6.295,5.614,3.845,2.79,3.904,5.324,3.391,3.124,3.253,1.839,1.799,0.847,2.595,2.385,2.9,3.071,2.643,2.696,2.341,3.816,1.594,2.865,0.752,0.689,3.919,4.556,2.256,1.557,5.304,3.739,2.875,2.735,2.252,1.105,2.441,2.836,2.59,3.142,2.027,0.0,0.434,0.799,2.809,3.929,2.096,3.438,1.483,3.854,4.001,2.501,2.768,1.275,2.609,2.8,3.407,2.009,2.018,2.008,1.805,1.33,1.934,2.503,2.526,2.293,3.09,4.07,3.523,4.011,3.613,3.506,4.212,5.038,4.513,4.695,6.196,2.555,2.745,3.942,2.07
JC094,34.428,5.368,5.596,5.974,5.412,5.562,7.221,6.132,6.047,5.401,5.641,6.044,5.532,6.01,4.652,4.95,5.086,5.139,4.817,5.291,6.792,6.847,6.565,6.686,6.801,5.952,5.905,6.296,6.412,5.351,5.619,6.744,6.064,5.383,3.841,2.786,3.9,5.093,3.387,3.12,3.249,1.608,1.567,0.843,2.364,2.381,2.669,3.067,2.639,2.465,2.337,3.812,1.816,2.771,0.974,0.458,3.688,4.325,2.478,1.326,5.073,3.735,2.871,2.731,2.248,1.327,2.487,2.604,2.586,3.138,2.249,0.434,0.0,1.91,3.623,4.743,2.911,4.376,1.833,4.669,5.432,3.322,3.591,1.562,3.547,3.615,4.222,3.364,3.098,3.088,3.022,2.53,3.134,3.582,2.35,2.874,4.17,3.521,2.975,4.637,4.693,4.245,3.818,4.681,5.006,5.508,7.011,3.135,3.567,4.523,1.904
JC095,34.534,5.549,5.777,6.155,5.593,5.743,7.136,6.803,6.718,5.582,5.821,6.225,5.713,6.191,4.833,5.131,5.267,5.319,4.998,5.472,6.973,7.028,6.746,6.867,6.981,6.133,6.086,6.477,6.593,5.532,5.8,6.925,6.245,5.564,3.812,2.803,3.822,4.783,3.492,2.77,3.238,2.283,2.238,0.913,3.035,2.486,3.34,3.173,2.744,3.136,2.325,3.462,1.851,2.142,1.163,1.581,4.359,4.996,1.532,2.449,4.978,3.385,2.976,2.837,2.353,0.397,1.678,3.214,2.692,3.244,1.263,0.799,1.91,0.0,2.841,4.038,2.206,3.183,1.593,4.054,4.11,1.909,2.176,1.751,2.354,2.91,3.516,1.753,1.899,1.889,1.474,0.982,1.586,2.051,2.001,1.864,2.971,3.478,2.932,3.185,3.494,2.915,3.724,3.373,3.681,4.576,4.595,2.125,2.154,3.215,1.569
JC097,18.33,3.339,3.567,3.945,3.382,3.533,5.192,5.348,5.265,3.436,3.675,4.015,3.567,4.045,3.078,2.984,3.513,3.119,3.243,3.262,4.827,4.818,4.6,4.657,4.835,3.987,3.876,4.267,4.382,3.322,3.59,4.779,4.035,3.354,1.275,0.665,1.116,2.243,1.729,0.233,0.539,2.921,2.472,2.076,3.351,1.489,3.865,1.429,0.931,2.949,0.574,0.925,3.921,1.766,3.515,3.163,4.132,4.204,3.499,4.355,2.438,0.848,1.18,1.839,1.082,2.809,2.077,4.487,1.694,0.744,2.349,2.809,3.623,2.841,0.0,1.567,1.463,0.512,3.7,1.206,3.211,4.208,4.893,3.848,1.04,0.835,0.756,1.997,2.325,3.116,2.914,3.144,3.645,3.611,4.7,4.509,4.198,6.285,5.739,5.396,4.998,6.214,7.37,6.479,6.25,6.204,5.266,4.77,4.511,6.861,4.286
JC098,17.789,2.78,3.008,3.386,2.824,2.974,4.633,4.79,4.706,2.877,3.116,3.456,3.008,3.486,2.516,2.426,2.95,2.56,2.681,2.703,4.268,4.259,4.041,4.098,4.276,3.428,3.317,3.708,3.824,2.764,3.031,4.22,3.476,2.795,1.388,1.469,1.037,0.906,1.178,1.626,1.317,2.669,2.219,3.196,3.0,1.556,3.476,0.878,1.307,2.558,1.664,1.356,5.313,3.158,4.768,3.743,3.741,3.642,8.09,3.826,0.931,1.578,1.107,1.312,1.628,4.201,3.47,4.136,1.444,0.98,3.742,3.929,4.743,4.038,1.567,0.0,2.335,1.188,2.913,0.936,2.307,7.902,8.066,3.062,2.281,1.503,1.274,3.238,3.566,7.896,4.137,4.368,4.869,7.793,5.924,8.353,7.18,9.34,8.822,7.78,7.381,8.597,9.698,8.807,8.282,8.464,8.103,8.374,7.765,9.189,8.392
JC099,33.365,3.76,3.988,4.366,3.803,3.954,5.612,5.844,5.759,3.793,4.032,4.436,3.924,4.402,3.044,3.341,3.478,3.53,3.208,3.683,5.184,5.239,4.957,5.077,5.192,4.343,4.297,4.687,4.803,3.743,4.01,5.136,4.455,3.774,2.293,1.039,2.303,3.054,1.703,1.251,1.718,2.189,1.74,1.363,2.62,0.757,3.133,1.352,1.015,2.217,0.561,1.943,3.307,1.425,2.935,2.451,3.4,4.038,2.885,3.066,3.249,1.866,1.247,1.107,0.624,2.195,1.463,3.755,0.962,1.514,1.735,2.096,2.911,2.206,1.463,2.335,0.0,1.426,2.237,1.912,2.114,5.243,5.408,2.385,0.695,0.858,1.465,1.388,1.715,2.792,2.59,2.82,3.321,3.287,4.376,4.185,4.522,6.682,6.163,5.121,4.723,5.939,7.039,6.148,5.623,5.805,5.445,4.446,5.107,6.53,3.962
JC102,19.071,3.781,4.01,4.387,3.825,3.976,5.634,5.791,5.707,3.878,4.118,4.457,4.01,4.487,3.518,3.427,3.952,3.561,3.682,3.704,5.269,5.261,5.043,5.099,5.278,4.429,4.319,4.709,4.825,3.765,4.032,5.221,4.477,3.796,0.75,1.026,0.784,1.907,2.179,0.575,1.055,3.463,3.014,2.828,3.894,2.031,4.478,1.879,1.242,3.491,1.212,0.4,4.263,2.108,3.857,3.915,4.674,4.643,3.842,4.929,1.932,0.323,1.474,2.313,1.443,3.151,2.419,5.029,2.236,1.105,2.691,3.438,4.376,3.183,0.512,1.188,1.426,0.0,3.78,0.895,3.292,4.288,4.973,3.928,1.12,0.916,0.437,2.078,2.406,3.197,2.994,3.224,3.725,3.691,4.781,4.589,4.279,6.365,5.819,5.477,5.078,6.295,7.45,6.559,6.33,6.285,5.347,4.85,4.591,6.941,4.366
JC103,18.77,3.655,3.96,4.336,3.773,3.926,5.54,5.207,5.121,3.816,4.056,4.406,3.945,4.423,3.01,3.365,3.444,3.496,3.175,3.653,5.207,5.21,4.872,4.981,5.213,4.365,4.268,4.66,4.774,3.713,3.982,5.157,4.426,3.745,3.795,2.76,3.267,3.38,2.282,3.29,2.949,0.687,0.642,1.669,1.439,1.801,1.744,1.982,2.116,1.54,2.473,3.764,2.928,3.401,2.075,1.108,2.763,3.4,3.264,0.954,3.36,4.103,2.115,1.686,1.986,1.885,3.116,1.703,1.541,2.745,2.525,1.483,1.833,1.593,3.7,2.913,2.237,3.78,0.0,3.553,2.876,4.353,4.324,0.907,2.868,2.646,3.637,3.197,3.051,3.042,2.839,2.909,3.57,3.536,4.004,3.77,4.124,5.547,5.001,5.045,4.647,5.141,5.689,6.072,5.547,5.729,6.965,4.032,4.656,5.419,3.547
JC104,18.819,3.529,3.757,4.135,3.573,3.723,5.382,5.539,5.455,3.626,3.865,4.205,3.757,4.235,3.265,3.175,3.699,3.309,3.43,3.452,5.017,5.009,4.79,4.847,5.025,4.177,4.066,4.457,4.573,3.513,3.78,4.969,4.225,3.544,1.027,1.367,0.676,1.655,1.927,1.446,1.1,3.418,2.968,3.121,3.851,2.164,4.225,1.627,1.41,3.408,1.629,0.996,5.134,2.979,4.694,4.209,4.592,4.391,4.712,4.677,1.68,1.218,1.856,2.061,1.784,4.022,3.29,4.987,2.193,1.09,3.562,3.854,4.669,4.054,1.206,0.936,1.912,0.895,3.553,0.0,3.175,4.99,5.676,3.722,1.823,1.14,0.529,2.78,3.108,3.899,3.696,3.926,4.428,4.393,5.483,5.291,5.981,8.141,6.521,6.581,6.182,7.398,8.499,7.608,7.083,6.987,6.049,5.552,6.566,7.99,5.068
JC105,17.444,1.68,1.909,2.286,1.724,1.875,3.533,3.82,3.735,1.713,1.953,2.356,1.845,2.322,0.965,1.262,1.399,1.451,1.129,1.603,3.104,3.16,2.878,2.998,3.113,2.264,2.218,2.608,2.724,1.664,1.931,3.057,2.376,1.695,3.575,2.669,2.866,1.945,1.662,2.999,2.691,2.741,2.291,3.268,2.026,1.791,1.925,1.68,1.993,2.257,2.384,3.544,7.112,3.539,5.674,3.815,2.219,2.09,7.542,3.219,1.926,3.614,1.908,1.384,1.863,4.206,3.577,2.647,1.679,2.354,3.849,4.001,5.432,4.11,3.211,2.307,2.114,3.292,2.876,3.175,0.0,6.893,7.058,2.112,2.522,2.369,3.408,3.536,3.864,6.887,7.296,4.558,7.868,6.785,7.891,7.344,6.172,8.332,7.814,6.771,6.373,7.589,8.689,7.799,7.273,7.456,7.095,7.366,6.757,8.18,7.383
JC107,31.997,7.901,8.129,8.507,7.944,8.095,9.754,10.041,9.956,7.934,8.173,8.577,8.065,8.543,7.185,7.483,7.619,7.671,7.35,7.824,9.325,9.38,9.098,9.219,9.333,8.485,8.438,8.829,8.944,7.884,8.152,9.277,8.597,7.916,5.038,4.028,5.047,7.625,7.418,3.996,4.463,4.282,4.237,2.912,7.964,5.212,8.145,5.899,5.471,7.522,3.551,4.688,1.443,2.95,2.276,2.993,8.439,8.311,0.281,3.861,7.606,4.611,5.703,5.563,5.079,1.415,2.356,5.139,5.418,5.97,1.942,2.501,3.322,1.909,4.208,7.902,5.243,4.288,4.353,4.99,6.893,0.0,1.33,3.77,3.607,4.211,4.849,2.619,2.106,1.279,1.358,1.573,1.575,0.817,1.545,0.999,0.719,2.632,2.086,1.337,1.571,1.627,3.206,2.319,1.833,2.492,2.673,1.113,0.811,2.697,2.607
JC108,29.63,8.066,8.294,8.672,8.109,8.26,9.918,10.205,10.12,8.099,8.338,8.742,8.23,8.708,7.35,7.647,7.784,7.836,7.515,7.989,9.49,9.545,9.263,9.383,9.498,8.65,8.603,8.993,9.109,8.049,8.316,9.442,8.761,8.08,5.723,4.714,5.733,7.79,7.583,4.681,6.245,4.412,4.371,3.139,8.129,5.377,8.31,6.064,5.635,7.686,4.236,5.373,1.65,3.586,2.545,3.261,8.604,8.476,1.134,4.129,7.77,5.296,5.867,5.728,5.244,2.166,2.949,5.408,5.583,6.134,2.535,2.768,3.591,2.176,4.893,8.066,5.408,4.973,4.324,5.676,7.058,1.33,0.0,3.693,4.106,4.711,5.348,3.463,2.95,2.126,2.12,1.81,1.846,1.615,1.41,0.749,1.18,1.342,0.945,1.067,1.209,0.738,1.548,1.197,1.564,2.024,2.24,0.497,0.486,1.039,2.53
JC109,18.918,3.804,4.108,4.485,3.921,4.074,5.688,5.355,5.27,3.965,4.204,4.554,4.093,4.571,3.159,3.514,3.593,3.645,3.323,3.801,5.356,5.358,5.02,5.129,5.361,4.513,4.416,4.809,4.922,3.862,4.131,5.305,4.575,3.893,3.944,2.909,3.416,3.528,2.43,3.438,3.097,0.831,0.791,1.817,1.587,1.95,1.893,2.13,2.264,1.688,2.621,3.912,2.657,3.784,1.804,1.232,2.912,3.549,3.319,1.041,3.509,4.251,2.263,1.834,2.134,2.168,3.5,1.828,1.689,2.894,3.09,1.275,1.562,1.751,3.848,3.062,2.385,3.928,0.907,3.722,2.112,3.77,3.693,0.0,3.075,3.143,3.75,2.772,2.626,2.616,2.414,1.917,2.522,3.111,3.161,2.928,3.698,4.704,4.158,4.619,4.221,4.299,5.669,5.646,5.121,5.303,6.539,3.189,3.333,4.577,2.705
JC110,33.997,3.817,4.045,4.423,3.861,4.011,5.67,5.957,5.872,3.85,4.09,4.493,3.981,4.459,3.101,3.399,3.535,3.588,3.266,3.74,5.241,5.296,5.014,5.135,5.25,4.401,4.354,4.745,4.861,3.8,4.068,5.193,4.513,3.832,1.87,0.861,1.88,3.003,1.52,0.828,1.296,2.732,2.283,1.999,3.162,1.3,3.676,1.169,0.74,2.76,0.383,1.52,3.434,1.553,3.028,3.087,3.943,4.227,3.013,4.058,3.194,1.443,0.972,1.65,0.941,2.322,1.59,4.298,1.505,1.501,1.863,2.609,3.547,2.354,1.04,2.281,0.695,1.12,2.868,1.823,2.522,3.607,4.106,3.075,0.0,0.967,1.604,1.3,1.851,2.453,2.251,2.481,2.982,4.37,4.037,4.929,3.757,5.917,5.399,4.356,3.958,5.174,6.33,5.439,5.21,5.164,4.226,4.951,4.342,5.821,3.623
JC115,18.308,3.318,3.546,3.924,3.361,3.512,5.17,5.327,5.243,3.414,3.654,3.993,3.546,4.023,3.057,2.963,3.491,3.097,3.222,3.241,4.805,4.797,4.579,4.635,4.814,3.965,3.855,4.245,4.361,3.301,3.568,4.758,4.013,3.332,1.364,0.196,1.169,2.222,1.367,0.624,0.517,2.511,2.061,2.067,2.941,1.462,3.454,1.016,0.587,2.538,0.575,1.316,4.039,1.884,3.64,3.155,3.722,4.183,3.617,4.333,2.416,1.238,0.819,1.497,0.789,2.927,2.195,4.076,1.668,0.723,2.467,2.8,3.615,2.91,0.835,1.503,0.858,0.916,2.646,1.14,2.369,4.211,4.711,3.143,0.967,0.0,0.897,2.281,2.609,3.276,3.073,3.304,3.805,3.771,4.86,4.668,5.005,7.165,6.647,5.605,5.206,6.422,7.523,6.632,6.107,6.289,5.928,4.93,5.59,7.014,4.445
JC116,19.157,3.867,4.095,4.473,3.911,4.062,5.72,5.877,5.793,3.964,4.204,4.543,4.095,4.573,3.603,3.513,4.038,3.647,3.768,3.79,5.355,5.347,5.129,5.185,5.364,4.515,4.405,4.795,4.911,3.851,4.118,5.307,4.563,3.882,0.58,1.093,0.87,1.993,2.265,0.988,1.137,3.502,3.052,2.674,3.932,2.069,4.445,1.965,1.309,3.529,1.182,0.548,4.676,2.521,4.246,3.762,4.713,4.729,4.254,5.015,2.018,0.76,1.541,2.42,1.51,3.564,2.832,5.067,2.274,1.172,3.104,3.407,4.222,3.516,0.756,1.274,1.465,0.437,3.637,0.529,3.408,4.849,5.348,3.75,1.604,0.897,0.0,2.523,2.851,3.642,3.439,3.67,4.171,4.136,5.226,5.034,4.724,6.81,6.264,5.922,5.524,6.74,7.895,7.004,6.775,6.73,5.792,5.295,5.036,7.386,4.811
JC117,31.655,4.83,5.058,5.436,4.873,5.024,6.682,6.854,6.769,4.863,5.102,5.506,4.994,5.472,4.114,4.411,4.548,4.6,4.278,4.753,6.254,6.309,6.027,6.147,6.262,5.413,5.367,5.757,5.873,4.813,5.08,6.206,5.525,4.844,2.828,1.818,2.837,3.96,2.773,1.786,2.253,3.2,2.75,1.816,3.63,1.767,4.143,2.454,2.025,3.227,1.34,2.478,2.666,0.307,2.777,2.783,4.411,5.048,2.245,3.875,4.152,2.4,2.257,2.118,1.634,1.555,0.567,4.765,1.972,2.458,1.005,2.009,3.364,1.753,1.997,3.238,1.388,2.078,3.197,2.78,3.536,2.619,3.463,2.772,1.3,2.281,2.523,0.0,0.551,1.602,1.399,1.63,2.131,2.261,3.186,2.994,2.307,4.788,4.224,3.228,2.829,4.045,5.146,4.255,3.73,3.912,4.25,3.256,2.946,4.637,2.771
JC118,31.711,8.614,8.842,9.22,8.657,8.808,10.466,10.754,10.669,8.647,8.886,9.29,8.778,9.256,7.898,8.196,8.332,8.384,8.063,8.537,10.038,10.093,9.811,9.932,10.046,9.198,9.151,9.541,9.657,8.597,8.864,9.99,9.31,8.629,3.156,2.146,3.165,8.338,3.101,2.113,2.581,2.98,3.078,1.61,3.958,2.095,4.471,2.782,2.353,3.555,1.668,2.806,2.29,0.857,2.401,2.638,4.739,9.024,2.22,3.985,8.319,2.728,2.585,2.445,1.962,1.334,0.335,4.413,2.3,2.786,0.492,2.018,3.098,1.899,2.325,3.566,1.715,2.406,3.051,3.108,3.864,2.106,2.95,2.626,1.851,2.609,2.851,0.551,0.0,1.099,1.096,1.253,1.754,1.593,2.827,2.621,1.794,4.275,3.708,2.715,2.316,3.533,4.633,3.742,3.217,3.399,4.058,2.735,2.433,4.124,2.395
JC119,31.99,7.895,8.123,8.501,7.938,8.089,9.747,10.035,9.95,7.928,8.167,8.571,8.059,8.537,7.179,7.476,7.613,7.665,7.344,7.818,9.319,9.374,9.092,9.212,9.327,8.479,8.432,8.822,8.938,7.878,8.145,9.271,8.591,7.909,3.947,2.937,3.956,7.619,3.768,2.905,3.372,2.971,2.926,1.601,3.722,2.762,4.028,3.449,3.02,4.222,2.459,3.597,1.765,1.909,2.391,2.628,5.406,8.305,1.393,3.599,7.6,3.519,3.252,3.112,2.629,1.253,1.045,4.404,2.967,3.519,0.631,2.008,3.088,1.889,3.116,7.896,2.792,3.197,3.042,3.899,6.887,1.279,2.126,2.616,2.453,3.276,3.642,1.602,1.099,0.0,0.401,0.962,0.974,0.487,2.029,1.794,1.075,3.556,2.881,1.996,1.597,2.813,3.914,3.023,2.498,2.68,2.699,1.908,1.606,3.405,2.385
JC120,32.399,8.304,8.532,8.91,8.347,8.498,10.156,10.443,10.358,8.337,8.576,8.98,8.468,8.946,7.588,7.885,8.022,8.074,7.753,8.227,9.728,9.783,9.501,9.621,9.736,8.888,8.841,9.231,9.347,8.287,8.554,9.68,8.999,8.318,3.744,2.734,3.754,8.028,3.565,2.702,3.169,2.768,2.723,1.398,3.52,2.559,3.825,3.246,2.817,4.02,2.257,3.394,1.396,1.706,1.976,2.425,5.203,8.714,1.028,3.56,8.008,3.317,3.049,2.91,2.426,0.909,1.042,4.201,2.765,3.316,0.628,1.805,3.022,1.474,2.914,4.137,2.59,2.994,2.839,3.696,7.296,1.358,2.12,2.414,2.251,3.073,3.439,1.399,1.096,0.401,0.0,0.593,0.913,0.577,1.968,1.755,1.131,3.139,2.593,2.404,2.006,3.222,4.322,3.432,2.907,3.089,3.108,2.017,1.685,3.813,1.97
JC121,32.96,8.864,9.092,9.47,8.908,9.058,10.717,11.004,10.919,8.897,9.136,9.54,9.028,9.506,8.148,8.446,8.582,8.634,8.313,8.787,10.288,10.343,10.061,10.182,10.297,9.448,9.401,9.792,9.908,8.847,9.115,10.24,9.56,8.879,3.974,2.964,3.984,8.589,3.795,2.932,3.399,2.838,2.793,1.468,3.589,2.789,3.895,3.476,3.048,4.25,2.487,3.624,1.086,1.936,1.484,2.2,5.433,9.274,0.718,3.068,8.569,3.547,3.28,3.14,2.656,0.417,1.2,3.745,2.995,3.547,0.785,1.33,2.53,0.982,3.144,4.368,2.82,3.224,2.909,3.926,4.558,1.573,1.81,1.917,2.481,3.304,3.67,1.63,1.253,0.962,0.593,0.0,0.605,1.093,1.66,1.447,1.606,2.831,2.285,2.224,2.567,2.117,3.366,3.207,2.721,3.649,3.668,1.709,1.302,2.849,1.478
JC122,32.972,8.876,9.104,9.482,8.919,9.07,10.729,11.016,10.931,8.909,9.148,9.552,9.04,9.518,8.16,8.458,8.594,8.646,8.325,8.799,10.3,10.355,10.073,10.194,10.308,9.46,9.413,9.804,9.919,8.859,9.127,10.252,9.572,8.891,4.475,3.466,4.485,8.6,4.297,3.433,3.901,3.499,3.454,2.129,4.251,3.29,4.556,3.977,3.549,4.751,2.988,4.125,1.336,2.437,2.088,2.805,5.934,9.286,0.722,3.673,8.581,4.048,3.781,3.641,3.158,1.021,1.701,4.349,3.496,4.048,1.287,1.934,3.134,1.586,3.645,4.869,3.321,3.725,3.57,4.428,7.868,1.575,1.846,2.522,2.982,3.805,4.171,2.131,1.754,0.974,0.913,0.605,0.0,1.141,1.055,0.843,1.653,2.227,1.681,2.299,2.496,1.969,2.761,2.649,2.795,3.477,3.598,1.104,1.208,2.491,1.158
JC123,31.888,7.792,8.02,8.398,7.836,7.986,9.645,9.932,9.847,7.825,8.064,8.468,7.956,8.434,7.076,7.374,7.51,7.562,7.241,7.715,9.216,9.271,8.989,9.11,9.224,8.376,8.329,8.72,8.836,7.775,8.043,9.168,8.488,7.807,4.441,3.431,4.451,7.516,4.262,3.399,3.866,3.465,3.42,2.095,4.217,3.256,8.036,3.943,3.514,7.413,2.954,4.091,1.621,2.568,2.553,3.122,8.331,8.202,0.691,4.138,7.497,4.014,3.747,3.607,3.123,1.486,1.54,4.898,3.462,4.014,1.126,2.503,3.582,2.051,3.611,7.793,3.287,3.691,3.536,4.393,6.785,0.817,1.615,3.111,4.37,3.771,4.136,2.261,1.593,0.487,0.577,1.093,1.141,0.0,1.748,1.121,0.585,2.929,2.383,1.468,1.494,2.097,3.811,2.92,1.965,2.577,2.596,1.383,1.108,3.302,2.547
JC124,32.047,8.898,9.126,9.504,8.942,9.093,10.751,11.038,10.953,8.931,9.171,9.574,9.063,9.54,8.182,8.48,8.617,8.669,8.347,8.821,10.322,10.378,10.096,10.216,10.331,9.482,9.436,9.826,9.942,8.882,9.149,10.274,9.594,8.913,5.531,4.521,5.54,8.623,5.352,4.488,4.956,3.928,3.887,2.936,4.684,4.346,7.009,5.033,4.604,4.785,4.043,5.181,0.569,3.493,1.409,2.778,6.008,9.308,1.303,4.543,8.603,5.103,4.836,4.696,4.213,1.991,2.774,6.486,4.551,5.103,2.36,2.526,2.35,2.001,4.7,5.924,4.376,4.781,4.004,5.483,7.891,1.545,1.41,3.161,4.037,4.86,5.226,3.186,2.827,2.029,1.968,1.66,1.055,1.748,0.0,0.851,2.033,1.722,1.176,2.614,2.877,2.222,2.02,2.658,2.983,3.485,3.788,1.112,1.588,2.499,1.038
JC125,32.401,8.352,8.58,8.958,8.395,8.546,10.204,10.492,10.407,8.385,8.624,9.028,8.516,8.994,7.636,7.933,8.07,8.122,7.801,8.275,9.776,9.831,9.549,9.669,9.784,8.936,8.889,9.279,9.395,8.335,8.602,9.728,9.048,8.366,5.339,4.329,5.348,8.076,5.16,4.297,4.764,3.695,3.654,2.703,4.451,4.154,4.756,4.841,4.412,4.552,3.852,4.989,0.933,3.301,1.828,2.545,5.775,8.762,0.677,3.413,8.057,4.912,4.644,4.505,4.021,1.781,2.564,4.692,4.36,4.911,2.15,2.293,2.874,1.864,4.509,8.353,4.185,4.589,3.77,5.291,7.344,0.999,0.749,2.928,4.929,4.668,5.034,2.994,2.621,1.794,1.755,1.447,0.843,1.121,0.851,0.0,1.387,2.016,1.47,1.783,1.981,1.453,2.263,1.912,2.28,2.739,3.083,0.498,0.692,1.754,2.035
JC127,31.275,7.18,7.408,7.786,7.223,7.374,9.032,9.319,9.234,7.213,7.452,7.856,7.344,7.822,6.464,6.761,6.898,6.95,6.628,7.103,8.604,8.659,8.377,8.497,8.612,7.763,7.717,8.107,8.223,7.163,7.43,8.556,7.875,7.194,5.029,5.202,6.011,6.904,6.697,3.987,5.359,4.053,5.474,2.683,7.243,4.491,7.424,5.178,4.749,6.8,3.542,4.679,2.133,2.7,3.473,3.71,7.718,7.59,0.948,8.069,6.884,4.601,4.981,4.842,4.358,2.335,2.09,8.379,4.697,5.248,1.713,3.09,4.17,2.971,4.198,7.18,4.522,4.279,4.124,5.981,6.172,0.719,1.18,3.698,3.757,5.005,4.724,2.307,1.794,1.075,1.131,1.606,1.653,0.585,2.033,1.387,0.0,2.474,1.928,0.964,0.882,1.592,3.198,2.308,1.46,1.965,1.984,1.317,0.719,2.689,3.1
JC130,31.673,9.34,9.568,9.946,9.383,9.534,11.192,11.479,11.394,9.372,9.612,10.015,9.504,9.982,8.624,8.921,9.058,9.11,8.788,9.262,10.763,10.819,10.537,10.657,10.772,9.923,9.877,10.267,10.383,9.323,9.59,10.716,10.035,9.354,7.115,7.362,8.171,9.064,8.857,6.073,7.519,6.68,5.431,4.479,8.995,6.651,8.633,7.338,6.909,8.96,5.628,6.765,1.741,4.86,2.581,4.321,9.878,9.75,2.435,6.168,9.044,6.688,7.141,7.002,6.518,3.557,4.572,8.111,6.857,7.408,4.195,4.07,3.521,3.478,6.285,9.34,6.682,6.365,5.547,8.141,8.332,2.632,1.342,4.704,5.917,7.165,6.81,4.788,4.275,3.556,3.139,2.831,2.227,2.929,1.722,2.016,2.474,0.0,0.578,1.229,1.608,0.837,0.965,1.272,1.725,2.1,2.402,0.979,1.064,1.114,2.281
JC131,31.204,8.821,9.049,9.427,8.865,9.015,10.674,10.961,10.876,8.854,9.093,9.497,8.985,9.463,8.105,8.403,8.539,8.591,8.27,8.744,10.245,10.3,10.018,10.139,10.253,9.405,9.358,9.749,9.865,8.804,9.072,10.197,9.517,8.836,6.569,5.559,6.578,8.546,8.338,5.527,7.001,6.211,4.884,3.933,8.526,6.133,8.164,6.819,6.391,8.442,5.082,6.219,1.194,4.342,2.035,3.775,9.36,9.231,1.889,5.699,8.526,6.142,6.623,6.483,6.0,3.011,3.794,7.641,6.338,6.89,3.38,3.523,2.975,2.932,5.739,8.822,6.163,5.819,5.001,6.521,7.814,2.086,0.945,4.158,5.399,6.647,6.264,4.224,3.708,2.881,2.593,2.285,1.681,2.383,1.176,1.47,1.928,0.578,0.0,1.775,2.154,1.383,0.843,1.72,2.222,2.446,2.948,0.886,1.241,1.358,1.704
JC132,28.862,7.779,8.007,8.385,7.822,7.973,9.631,9.919,9.834,7.812,8.051,8.455,7.943,8.421,7.063,7.36,7.497,7.549,7.228,7.702,9.203,9.258,8.976,9.096,9.211,8.363,8.316,8.706,8.822,7.762,8.029,9.155,8.475,7.793,6.227,5.801,6.61,7.503,7.296,5.185,5.958,4.974,6.074,3.604,7.842,5.09,8.023,5.777,5.348,7.4,4.739,5.877,2.696,3.3,3.591,4.631,8.317,8.189,1.566,8.668,7.484,5.799,5.58,5.441,4.957,2.641,3.011,8.978,5.296,5.848,2.634,4.011,4.637,3.185,5.396,7.78,5.121,5.477,5.045,6.581,6.771,1.337,1.067,4.619,4.356,5.605,5.922,3.228,2.715,1.996,2.404,2.224,2.299,1.468,2.614,1.783,0.964,1.229,1.775,0.0,0.688,1.27,2.37,1.479,0.954,1.136,1.155,2.156,1.68,1.861,4.367
JC133,29.088,7.38,7.609,7.987,7.424,7.575,9.233,9.52,9.435,7.413,7.653,8.056,7.545,8.022,6.665,6.962,7.099,7.151,6.829,7.303,8.804,8.86,8.578,8.698,8.813,7.964,7.918,8.308,8.424,7.364,7.631,8.757,8.076,7.395,5.828,5.403,6.212,7.105,6.898,4.786,5.56,4.575,5.675,3.206,7.444,4.692,7.625,5.379,4.95,7.001,4.341,5.478,2.977,2.901,3.996,4.233,7.919,7.791,1.967,8.27,7.085,5.401,5.182,5.043,4.559,2.858,2.613,8.58,4.898,5.449,2.236,3.613,4.693,3.494,4.998,7.381,4.723,5.078,4.647,6.182,6.373,1.571,1.209,4.221,3.958,5.206,5.524,2.829,2.316,1.597,2.006,2.567,2.496,1.494,2.877,1.981,0.882,1.608,2.154,0.688,0.0,1.528,2.628,1.737,1.212,1.394,1.413,1.8,1.304,2.119,3.99
JC134,29.133,8.597,8.825,9.203,8.64,8.791,10.449,10.736,10.651,8.63,8.869,9.273,8.761,9.239,7.881,8.178,8.315,8.367,8.046,8.52,10.021,10.076,9.794,9.914,10.029,9.181,9.134,9.524,9.64,8.58,8.847,9.973,9.292,8.611,7.045,6.619,7.428,8.321,8.114,6.002,6.776,5.066,6.892,4.422,8.66,5.908,8.841,6.595,6.166,8.218,5.557,6.695,2.304,4.117,3.199,3.916,9.135,9.007,1.399,4.783,8.301,6.617,6.398,6.259,5.775,2.904,3.829,6.062,6.114,6.665,3.452,3.506,4.245,2.915,6.214,8.597,5.939,6.295,5.141,7.398,7.589,1.627,0.738,4.299,5.174,6.422,6.74,4.045,3.533,2.813,3.222,2.117,1.969,2.097,2.222,1.453,1.592,0.837,1.383,1.27,1.528,0.0,1.667,1.247,0.761,1.42,1.576,1.544,1.193,1.158,3.586
JC135,30.243,9.697,9.925,10.303,9.74,9.891,11.549,11.837,11.752,9.73,9.969,10.373,9.861,10.339,8.981,9.278,9.415,9.467,9.146,9.62,11.121,11.176,10.894,11.014,11.129,10.281,10.234,10.624,10.74,9.68,9.947,11.073,10.393,9.711,8.2,7.719,8.528,9.421,9.214,7.158,7.876,6.322,7.992,5.522,9.76,7.008,8.276,7.695,7.266,9.318,6.713,7.85,2.038,5.218,2.878,4.463,10.235,10.107,2.681,5.81,9.402,7.773,7.498,7.359,6.875,3.699,4.929,7.753,7.214,7.766,4.552,4.212,3.818,3.724,7.37,9.698,7.039,7.45,5.689,8.499,8.689,3.206,1.548,5.669,6.33,7.523,7.895,5.146,4.633,3.914,4.322,3.366,2.761,3.811,2.02,2.263,3.198,0.965,0.843,2.37,2.628,1.667,0.0,0.979,1.373,1.597,2.457,1.699,1.903,0.509,2.73
JC137,28.576,8.806,9.034,9.412,8.85,9.0,10.659,10.946,10.861,8.839,9.078,9.482,8.97,9.448,8.09,8.388,8.524,8.576,8.255,8.729,10.23,10.285,10.003,10.124,10.238,9.39,9.343,9.734,9.849,8.789,9.057,10.182,9.502,8.821,7.309,6.828,7.637,8.53,8.323,6.267,6.985,6.001,7.101,4.631,8.869,6.117,9.05,6.804,6.376,8.427,5.822,6.959,2.739,4.327,3.635,4.351,9.344,9.216,1.869,9.696,8.511,6.882,6.608,6.468,5.985,4.284,4.038,10.005,6.323,6.875,3.661,5.038,4.681,3.373,6.479,8.807,6.148,6.559,6.072,7.608,7.799,2.319,1.197,5.646,5.439,6.632,7.004,4.255,3.742,3.023,3.432,3.207,2.649,2.92,2.658,1.912,2.308,1.272,1.72,1.479,1.737,1.247,0.979,0.0,0.668,0.892,1.752,1.458,1.423,0.399,3.501
JC138,28.347,8.281,8.509,8.887,8.324,8.475,10.133,10.421,10.336,8.314,8.553,8.957,8.445,8.923,7.565,7.863,7.999,8.051,7.73,8.204,9.705,9.76,9.478,9.599,9.713,8.865,8.818,9.208,9.324,8.264,8.531,9.657,8.977,8.296,7.08,6.303,7.112,8.005,7.798,6.038,6.46,5.476,6.576,4.106,8.344,5.592,8.525,6.279,5.851,7.902,5.593,6.73,3.065,3.802,3.96,5.133,8.819,8.691,2.063,9.17,7.986,6.653,6.083,5.943,5.459,3.137,3.513,9.48,5.798,6.35,3.136,4.513,5.006,3.681,6.25,8.282,5.623,6.33,5.547,7.083,7.273,1.833,1.564,5.121,5.21,6.107,6.775,3.73,3.217,2.498,2.907,2.721,2.795,1.965,2.983,2.28,1.46,1.725,2.222,0.954,1.212,0.761,1.373,0.668,0.0,0.659,1.338,1.904,1.599,0.864,3.947
JC139,27.777,8.463,8.691,9.069,8.507,8.657,10.316,10.603,10.518,8.496,8.735,9.139,8.627,9.105,7.747,8.045,8.181,8.233,7.912,8.386,9.887,9.942,9.66,9.781,9.895,9.047,9.0,9.391,9.507,8.446,8.714,9.839,9.159,8.478,7.035,6.025,7.044,8.187,7.98,5.993,6.642,5.658,6.758,4.288,8.526,5.775,8.707,6.461,6.033,8.084,5.547,6.685,3.567,4.881,4.462,5.315,9.002,8.873,3.049,9.353,8.168,6.607,6.265,6.125,5.642,3.941,3.696,9.662,5.98,6.532,3.318,4.695,5.508,4.576,6.204,8.464,5.805,6.285,5.729,6.987,7.456,2.492,2.024,5.303,5.164,6.289,6.73,3.912,3.399,2.68,3.089,3.649,3.477,2.577,3.485,2.739,1.965,2.1,2.446,1.136,1.394,1.42,1.597,0.892,0.659,0.0,1.141,2.257,2.304,1.088,4.333
JC140,28.028,8.102,8.331,8.708,8.146,8.297,9.955,10.242,10.157,8.135,8.375,8.778,8.267,8.744,7.387,7.684,7.821,7.873,7.551,8.025,9.526,9.582,9.3,9.42,9.535,8.686,8.64,9.03,9.146,8.086,8.353,9.479,8.798,8.117,6.097,5.087,6.106,7.827,7.62,5.055,5.522,6.847,6.397,5.463,8.166,5.414,8.347,6.101,5.672,7.723,4.61,5.747,3.869,3.943,5.098,6.551,8.641,8.512,3.068,8.992,7.807,5.669,5.904,5.765,5.281,3.96,3.715,9.301,5.619,6.171,3.337,6.196,7.011,4.595,5.266,8.103,5.445,5.347,6.965,6.049,7.095,2.673,2.24,6.539,4.226,5.928,5.792,4.25,4.058,2.699,3.108,3.668,3.598,2.596,3.788,3.083,1.984,2.402,2.948,1.155,1.413,1.576,2.457,1.752,1.338,1.141,0.0,2.646,2.405,1.948,8.147
JC142,32.206,8.373,8.601,8.979,8.417,8.567,10.226,10.513,10.428,8.406,8.646,9.049,8.538,9.015,7.657,7.955,8.092,8.144,7.822,8.296,9.797,9.853,9.571,9.691,9.806,8.957,8.911,9.301,9.417,8.357,8.624,9.749,9.069,8.388,5.6,4.59,5.61,8.098,5.421,4.558,5.025,3.956,3.916,2.964,4.712,4.415,5.017,5.102,4.673,4.813,4.113,5.25,1.194,3.562,2.09,2.806,6.037,8.783,0.938,3.674,8.078,5.173,4.905,4.766,4.282,2.042,2.826,4.953,4.621,5.173,2.411,2.555,3.135,2.125,4.77,8.374,4.446,4.85,4.032,5.552,7.366,1.113,0.497,3.189,4.951,4.93,5.295,3.256,2.735,1.908,2.017,1.709,1.104,1.383,1.112,0.498,1.317,0.979,0.886,2.156,1.8,1.544,1.699,1.458,1.904,2.257,2.646,0.0,0.793,1.429,1.832
JC143,31.86,7.765,7.993,8.371,7.808,7.959,9.617,9.904,9.819,7.797,8.037,8.44,7.929,8.407,7.049,7.346,7.483,7.535,7.213,7.688,9.189,9.244,8.962,9.082,9.197,8.348,8.302,8.692,8.808,7.748,8.015,9.141,8.46,7.779,5.341,5.787,6.596,7.489,7.282,4.299,5.944,4.585,6.059,3.215,7.828,5.076,8.009,5.763,5.334,7.385,3.854,4.991,1.688,3.285,2.521,3.237,8.303,8.175,0.584,4.105,7.469,4.914,5.566,5.427,4.943,1.718,2.659,5.384,5.282,5.833,2.245,2.745,3.567,2.154,4.511,7.765,5.107,4.591,4.656,6.566,6.757,0.811,0.486,3.333,4.342,5.59,5.036,2.946,2.433,1.606,1.685,1.302,1.208,1.108,1.588,0.692,0.719,1.064,1.241,1.68,1.304,1.193,1.903,1.423,1.599,2.304,2.405,0.793,0.0,1.409,2.524
JC144,28.794,9.188,9.416,9.794,9.231,9.382,11.04,11.328,11.243,9.221,9.46,9.864,9.352,9.83,8.472,8.769,8.906,8.958,8.637,9.111,10.612,10.667,10.385,10.505,10.62,9.772,9.725,10.115,10.231,9.171,9.438,10.564,9.884,9.202,7.691,7.21,8.019,8.912,8.705,6.649,7.367,5.343,7.483,5.013,9.251,6.499,9.432,7.186,6.757,8.809,6.204,7.341,2.553,4.708,3.477,4.193,9.726,9.598,2.172,6.325,8.893,7.264,6.989,6.85,6.366,3.204,4.42,8.268,6.705,7.257,4.043,3.942,4.523,3.215,6.861,9.189,6.53,6.941,5.419,7.99,8.18,2.697,1.039,4.577,5.821,7.014,7.386,4.637,4.124,3.405,3.813,2.849,2.491,3.302,2.499,1.754,2.689,1.114,1.358,1.861,2.119,1.158,0.509,0.399,0.864,1.088,1.948,1.429,1.409,0.0,3.245
JC145,38.704,8.391,8.619,8.997,8.434,8.585,10.243,10.531,18.694,8.424,8.663,9.067,8.555,9.033,7.675,7.972,8.109,8.161,7.84,8.314,9.815,9.87,9.588,9.708,9.823,8.975,8.928,9.318,9.434,8.374,8.641,9.767,9.087,8.405,5.116,4.106,5.125,8.115,4.937,4.074,4.541,4.017,3.431,2.48,6.333,3.931,5.971,4.618,4.189,4.329,3.629,4.766,0.672,3.078,0.964,2.322,6.883,8.801,1.914,3.506,8.096,4.689,4.421,4.282,3.798,1.558,2.341,5.448,4.137,4.688,1.927,2.07,1.904,1.569,4.286,8.392,3.962,4.366,3.547,5.068,7.383,2.607,2.53,2.705,3.623,4.445,4.811,2.771,2.395,2.385,1.97,1.478,1.158,2.547,1.038,2.035,3.1,2.281,1.704,4.367,3.99,3.586,2.73,3.501,3.947,4.333,8.147,1.832,2.524,3.245,0.0
